Workbook
Name TRANSMUTATION_TABLE: 'DO NOT DELETE'!$G$2:$J$42

Sheet INPUT DATA
A1: Input Data Sheet for E-Class Record
C4: REGION | G4: V | L4: DIVISION | O4: V
B5: SCHOOL NAME | G5: San Jose National High School | T5: SCHOOL ID | X5: 301874 | AD5: SCHOOL YEAR | AG5: 2027-2028
A7: FOURTH QUARTER | F7: GRADE & SECTION: | K7: Grade 7 - Jose | Q7: TEACHER: | S7: Teacher Account | AC7: SUBJECT: | AG7: MAPEH
B8: LEARNERS' NAMES
B11: MALE
A12: 1 | B12: Baterbornia, Rene | C12: 0 | D12: 0 | E12: 0
A13: 2 | C13: 0 | D13: 0 | E13: 0
A14: 3 | C14: 0 | D14: 0 | E14: 0
A15: 4 | C15: 0 | D15: 0 | E15: 0
A16: 5 | C16: 0 | D16: 0 | E16: 0
A17: 6 | C17: 0 | D17: 0 | E17: 0
A18: 7 | C18: 0 | D18: 0 | E18: 0
A19: 8 | C19: 0 | D19: 0 | E19: 0
A20: 9 | C20: 0 | D20: 0 | E20: 0
A21: 10 | C21: 0 | D21: 0 | E21: 0
A22: 11 | C22: 0 | D22: 0 | E22: 0
A23: 12 | C23: 0 | D23: 0 | E23: 0
A24: 13 | C24: 0 | D24: 0 | E24: 0
... A61: 50 | C61: 0 | D61: 0 | E61: 0
B62: FEMALE
A63: 1 | B63: Jeffrey Cruel | C63: 0 | D63: 0 | E63: 0
A64: 2 | C64: 0 | D64: 0 | E64: 0
A65: 3 | C65: 0 | D65: 0 | E65: 0
A66: 4 | C66: 0 | D66: 0 | E66: 0
A67: 5 | C67: 0 | D67: 0 | E67: 0
A68: 6 | C68: 0 | D68: 0 | E68: 0
A69: 7 | C69: 0 | D69: 0 | E69: 0
A70: 8 | C70: 0 | D70: 0 | E70: 0
A71: 9 | C71: 0 | D71: 0 | E71: 0
A72: 10 | C72: 0 | D72: 0 | E72: 0
A73: 11 | C73: 0 | D73: 0 | E73: 0
A74: 12 | C74: 0 | D74: 0 | E74: 0
A75: 13 | C75: 0 | D75: 0 | E75: 0
... A112: 50 | C112: 0 | D112: 0 | E112: 0

Sheet MUSIC _Q4
A1: Class Record
A3: (Pursuant to Deped Order 8 series of 2015)
C4: REGION | G4: V | L4: DIVISION | O4: V
B5: SCHOOL NAME | G5: San Jose National High School | T5: SCHOOL ID | X5: 301874 | AD5: SCHOOL YEAR | AG5: 2027-2028
A7: FOURTH QUARTER | F7: GRADE & SECTION: | K7: Grade 7 - Jose | Q7: TEACHER: | S7: Teacher Account | AC7: SUBJECT: | AG7: MUSIC
B8: LEARNERS' NAMES | F8: WRITTEN WORKS (20%) | S8: PERFORMANCE TASKS (60%) | AF8: QUARTERLY ASSESSMENT (20%) | AI8: Initial | AJ8: Quarterly
F9: 1 | G9: 2 | H9: 3 | I9: 4 | J9: 5 | K9: 6 | L9: 7 | M9: 8 | N9: 9 | O9: 10 | P9: Total | Q9: PS | R9: WS | S9: 1 | T9: 2 | U9: 3 | V9: 4 | W9: 5 | X9: 6 | Y9: 7 | Z9: 8 | AA9: 9 | AB9: 10 | AC9: Total | AD9: PS | AE9: WS | AF9: 1 | AG9: PS | AH9: WS | AI9: Grade | AJ9: Grade
B10: HIGHEST POSSIBLE SCORE | F10: 20 | G10: 20 | P10: =IF(COUNT($F10:$O10)=0,"",SUM($F10:$O10)) | Q10: 100 | R10: 0.2 | S10: 50 | T10: 50 | AC10: =IF(COUNT($S10:$AB10)=0,"",SUM($S10:$AB10)) | AD10: 100 | AE10: 0.6 | AF10: 50 | AG10: 100 | AH10: 0.2
B11: MALE
A12: 1 | B12: Baterbornia, Rene | F12: 15 | G12: 16 | P12: =IF(COUNT($F12:$O12)=0,"",SUM($F12:$O12)) | Q12: =IF(ISERROR(IF($P12="","",ROUND(($P12/SUMIF($F12:$O12,"<>",$F$10:$O$10))*100,2))),"",IF($P12="","",ROUND(($P12/SUMIF($F12:$O12,"<>",$F$10:$O$10))*100,2))) | R12: =IF($Q12="","",ROUND($Q12*$R$10,2)) | S12: 47 | T12: 48 | AC12: =IF(COUNT($S12:$AB12)=0,"",SUM($S12:$AB12)) | AD12: =IF(ISERROR(IF($AC12="","",ROUND(($AC12/SUMIF($S12:$AB12,"<>",$S$10:$AB$10))*100,2))),"",IF($AC12="","",ROUND(($AC12/SUMIF($S12:$AB12,"<>",$S$10:$AB$10))*100,2))) | AE12: =IF($AD12="","",ROUND($AD12*$AE$10,2)) | AF12: 45 | AG12: =IF(ISERROR(IF($AF12="","",ROUND(($AF12/$AF$10)*$AG$10,2))),"",IF($AF12="","",ROUND(($AF12/$AF$10)*$AG$10,2))) | AH12: =IF($AG12="","",ROUND($AG12*$AH$10,2)) | AI12: =IF(ISERROR(IF($AF12="","",ROUND(SUM($R12,$AE12,$AH12),2))),"",IF($AF12="","",ROUND(SUM($R12,$AE12,$AH12),2))) | AJ12: =IF(ISERROR(IF($AF12="","",VLOOKUP(AI12,TRANSMUTATION_TABLE,4,TRUE))),"",IF($AF12="","",VLOOKUP(AI12,TRANSMUTATION_TABLE,4,TRUE)))
A13: 2 | B13: ='INPUT DATA'!B13 | P13: =IF(COUNT($F13:$O13)=0,"",SUM($F13:$O13)) | Q13: =IF(ISERROR(IF($P13="","",ROUND(($P13/$P$10)*$Q$10,2))),"",IF($P13="","",ROUND(($P13/$P$10)*$Q$10,2))) | R13: =IF($Q13="","",ROUND($Q13*$R$10,2)) | AC13: =IF(COUNT($S13:$AB13)=0,"",SUM($S13:$AB13)) | AD13: =IF(ISERROR(IF($AC13="","",ROUND(($AC13/$AC$10)*$AD$10,2))),"",IF($AC13="","",ROUND(($AC13/$AC$10)*$AD$10,2))) | AE13: =IF($AD13="","",ROUND($AD13*$AE$10,2)) | AG13: =IF(ISERROR(IF($AF13="","",ROUND(($AF13/$AF$10)*$AG$10,2))),"",IF($AF13="","",ROUND(($AF13/$AF$10)*$AG$10,2))) | AH13: =IF($AG13="","",ROUND($AG13*$AH$10,2)) | AI13: =IF(ISERROR(IF($AF13="","",ROUND(SUM($R13,$AE13,$AH13),2))),"",IF($AF13="","",ROUND(SUM($R13,$AE13,$AH13),2))) | AJ13: =IF(ISERROR(IF($AF13="","",VLOOKUP(AI13,TRANSMUTATION_TABLE,4,TRUE))),"",IF($AF13="","",VLOOKUP(AI13,TRANSMUTATION_TABLE,4,TRUE)))
A14: 3 | B14: ='INPUT DATA'!B14 | P14: =IF(COUNT($F14:$O14)=0,"",SUM($F14:$O14)) | Q14: =IF(ISERROR(IF($P14="","",ROUND(($P14/$P$10)*$Q$10,2))),"",IF($P14="","",ROUND(($P14/$P$10)*$Q$10,2))) | R14: =IF($Q14="","",ROUND($Q14*$R$10,2)) | AC14: =IF(COUNT($S14:$AB14)=0,"",SUM($S14:$AB14)) | AD14: =IF(ISERROR(IF($AC14="","",ROUND(($AC14/$AC$10)*$AD$10,2))),"",IF($AC14="","",ROUND(($AC14/$AC$10)*$AD$10,2))) | AE14: =IF($AD14="","",ROUND($AD14*$AE$10,2)) | AG14: =IF(ISERROR(IF($AF14="","",ROUND(($AF14/$AF$10)*$AG$10,2))),"",IF($AF14="","",ROUND(($AF14/$AF$10)*$AG$10,2))) | AH14: =IF($AG14="","",ROUND($AG14*$AH$10,2)) | AI14: =IF(ISERROR(IF($AF14="","",ROUND(SUM($R14,$AE14,$AH14),2))),"",IF($AF14="","",ROUND(SUM($R14,$AE14,$AH14),2))) | AJ14: =IF(ISERROR(IF($AF14="","",VLOOKUP(AI14,TRANSMUTATION_TABLE,4,TRUE))),"",IF($AF14="","",VLOOKUP(AI14,TRANSMUTATION_TABLE,4,TRUE)))
A15: 4 | B15: ='INPUT DATA'!B15 | P15: =IF(COUNT($F15:$O15)=0,"",SUM($F15:$O15)) | Q15: =IF(ISERROR(IF($P15="","",ROUND(($P15/$P$10)*$Q$10,2))),"",IF($P15="","",ROUND(($P15/$P$10)*$Q$10,2))) | R15: =IF($Q15="","",ROUND($Q15*$R$10,2)) | AC15: =IF(COUNT($S15:$AB15)=0,"",SUM($S15:$AB15)) | AD15: =IF(ISERROR(IF($AC15="","",ROUND(($AC15/$AC$10)*$AD$10,2))),"",IF($AC15="","",ROUND(($AC15/$AC$10)*$AD$10,2))) | AE15: =IF($AD15="","",ROUND($AD15*$AE$10,2)) | AG15: =IF(ISERROR(IF($AF15="","",ROUND(($AF15/$AF$10)*$AG$10,2))),"",IF($AF15="","",ROUND(($AF15/$AF$10)*$AG$10,2))) | AH15: =IF($AG15="","",ROUND($AG15*$AH$10,2)) | AI15: =IF(ISERROR(IF($AF15="","",ROUND(SUM($R15,$AE15,$AH15),2))),"",IF($AF15="","",ROUND(SUM($R15,$AE15,$AH15),2))) | AJ15: =IF(ISERROR(IF($AF15="","",VLOOKUP(AI15,TRANSMUTATION_TABLE,4,TRUE))),"",IF($AF15="","",VLOOKUP(AI15,TRANSMUTATION_TABLE,4,TRUE)))
A16: 5 | B16: ='INPUT DATA'!B16 | P16: =IF(COUNT($F16:$O16)=0,"",SUM($F16:$O16)) | Q16: =IF(ISERROR(IF($P16="","",ROUND(($P16/$P$10)*$Q$10,2))),"",IF($P16="","",ROUND(($P16/$P$10)*$Q$10,2))) | R16: =IF($Q16="","",ROUND($Q16*$R$10,2)) | AC16: =IF(COUNT($S16:$AB16)=0,"",SUM($S16:$AB16)) | AD16: =IF(ISERROR(IF($AC16="","",ROUND(($AC16/$AC$10)*$AD$10,2))),"",IF($AC16="","",ROUND(($AC16/$AC$10)*$AD$10,2))) | AE16: =IF($AD16="","",ROUND($AD16*$AE$10,2)) | AG16: =IF(ISERROR(IF($AF16="","",ROUND(($AF16/$AF$10)*$AG$10,2))),"",IF($AF16="","",ROUND(($AF16/$AF$10)*$AG$10,2))) | AH16: =IF($AG16="","",ROUND($AG16*$AH$10,2)) | AI16: =IF(ISERROR(IF($AF16="","",ROUND(SUM($R16,$AE16,$AH16),2))),"",IF($AF16="","",ROUND(SUM($R16,$AE16,$AH16),2))) | AJ16: =IF(ISERROR(IF($AF16="","",VLOOKUP(AI16,TRANSMUTATION_TABLE,4,TRUE))),"",IF($AF16="","",VLOOKUP(AI16,TRANSMUTATION_TABLE,4,TRUE)))
A17: 6 | B17: ='INPUT DATA'!B17 | P17: =IF(COUNT($F17:$O17)=0,"",SUM($F17:$O17)) | Q17: =IF(ISERROR(IF($P17="","",ROUND(($P17/$P$10)*$Q$10,2))),"",IF($P17="","",ROUND(($P17/$P$10)*$Q$10,2))) | R17: =IF($Q17="","",ROUND($Q17*$R$10,2)) | AC17: =IF(COUNT($S17:$AB17)=0,"",SUM($S17:$AB17)) | AD17: =IF(ISERROR(IF($AC17="","",ROUND(($AC17/$AC$10)*$AD$10,2))),"",IF($AC17="","",ROUND(($AC17/$AC$10)*$AD$10,2))) | AE17: =IF($AD17="","",ROUND($AD17*$AE$10,2)) | AG17: =IF(ISERROR(IF($AF17="","",ROUND(($AF17/$AF$10)*$AG$10,2))),"",IF($AF17="","",ROUND(($AF17/$AF$10)*$AG$10,2))) | AH17: =IF($AG17="","",ROUND($AG17*$AH$10,2)) | AI17: =IF(ISERROR(IF($AF17="","",ROUND(SUM($R17,$AE17,$AH17),2))),"",IF($AF17="","",ROUND(SUM($R17,$AE17,$AH17),2))) | AJ17: =IF(ISERROR(IF($AF17="","",VLOOKUP(AI17,TRANSMUTATION_TABLE,4,TRUE))),"",IF($AF17="","",VLOOKUP(AI17,TRANSMUTATION_TABLE,4,TRUE)))
A18: 7 | B18: ='INPUT DATA'!B18 | P18: =IF(COUNT($F18:$O18)=0,"",SUM($F18:$O18)) | Q18: =IF(ISERROR(IF($P18="","",ROUND(($P18/$P$10)*$Q$10,2))),"",IF($P18="","",ROUND(($P18/$P$10)*$Q$10,2))) | R18: =IF($Q18="","",ROUND($Q18*$R$10,2)) | AC18: =IF(COUNT($S18:$AB18)=0,"",SUM($S18:$AB18)) | AD18: =IF(ISERROR(IF($AC18="","",ROUND(($AC18/$AC$10)*$AD$10,2))),"",IF($AC18="","",ROUND(($AC18/$AC$10)*$AD$10,2))) | AE18: =IF($AD18="","",ROUND($AD18*$AE$10,2)) | AG18: =IF(ISERROR(IF($AF18="","",ROUND(($AF18/$AF$10)*$AG$10,2))),"",IF($AF18="","",ROUND(($AF18/$AF$10)*$AG$10,2))) | AH18: =IF($AG18="","",ROUND($AG18*$AH$10,2)) | AI18: =IF(ISERROR(IF($AF18="","",ROUND(SUM($R18,$AE18,$AH18),2))),"",IF($AF18="","",ROUND(SUM($R18,$AE18,$AH18),2))) | AJ18: =IF(ISERROR(IF($AF18="","",VLOOKUP(AI18,TRANSMUTATION_TABLE,4,TRUE))),"",IF($AF18="","",VLOOKUP(AI18,TRANSMUTATION_TABLE,4,TRUE)))
A19: 8 | B19: ='INPUT DATA'!B19 | D19: 0 | P19: =IF(COUNT($F19:$O19)=0,"",SUM($F19:$O19)) | Q19: =IF(ISERROR(IF($P19="","",ROUND(($P19/$P$10)*$Q$10,2))),"",IF($P19="","",ROUND(($P19/$P$10)*$Q$10,2))) | R19: =IF($Q19="","",ROUND($Q19*$R$10,2)) | AC19: =IF(COUNT($S19:$AB19)=0,"",SUM($S19:$AB19)) | AD19: =IF(ISERROR(IF($AC19="","",ROUND(($AC19/$AC$10)*$AD$10,2))),"",IF($AC19="","",ROUND(($AC19/$AC$10)*$AD$10,2))) | AE19: =IF($AD19="","",ROUND($AD19*$AE$10,2)) | AG19: =IF(ISERROR(IF($AF19="","",ROUND(($AF19/$AF$10)*$AG$10,2))),"",IF($AF19="","",ROUND(($AF19/$AF$10)*$AG$10,2))) | AH19: =IF($AG19="","",ROUND($AG19*$AH$10,2)) | AI19: =IF(ISERROR(IF($AF19="","",ROUND(SUM($R19,$AE19,$AH19),2))),"",IF($AF19="","",ROUND(SUM($R19,$AE19,$AH19),2))) | AJ19: =IF(ISERROR(IF($AF19="","",VLOOKUP(AI19,TRANSMUTATION_TABLE,4,TRUE))),"",IF($AF19="","",VLOOKUP(AI19,TRANSMUTATION_TABLE,4,TRUE)))
A20: 9 | B20: ='INPUT DATA'!B20 | P20: =IF(COUNT($F20:$O20)=0,"",SUM($F20:$O20)) | Q20: =IF(ISERROR(IF($P20="","",ROUND(($P20/$P$10)*$Q$10,2))),"",IF($P20="","",ROUND(($P20/$P$10)*$Q$10,2))) | R20: =IF($Q20="","",ROUND($Q20*$R$10,2)) | AC20: =IF(COUNT($S20:$AB20)=0,"",SUM($S20:$AB20)) | AD20: =IF(ISERROR(IF($AC20="","",ROUND(($AC20/$AC$10)*$AD$10,2))),"",IF($AC20="","",ROUND(($AC20/$AC$10)*$AD$10,2))) | AE20: =IF($AD20="","",ROUND($AD20*$AE$10,2)) | AG20: =IF(ISERROR(IF($AF20="","",ROUND(($AF20/$AF$10)*$AG$10,2))),"",IF($AF20="","",ROUND(($AF20/$AF$10)*$AG$10,2))) | AH20: =IF($AG20="","",ROUND($AG20*$AH$10,2)) | AI20: =IF(ISERROR(IF($AF20="","",ROUND(SUM($R20,$AE20,$AH20),2))),"",IF($AF20="","",ROUND(SUM($R20,$AE20,$AH20),2))) | AJ20: =IF(ISERROR(IF($AF20="","",VLOOKUP(AI20,TRANSMUTATION_TABLE,4,TRUE))),"",IF($AF20="","",VLOOKUP(AI20,TRANSMUTATION_TABLE,4,TRUE)))
A21: 10 | B21: ='INPUT DATA'!B21 | P21: =IF(COUNT($F21:$O21)=0,"",SUM($F21:$O21)) | Q21: =IF(ISERROR(IF($P21="","",ROUND(($P21/$P$10)*$Q$10,2))),"",IF($P21="","",ROUND(($P21/$P$10)*$Q$10,2))) | R21: =IF($Q21="","",ROUND($Q21*$R$10,2)) | AC21: =IF(COUNT($S21:$AB21)=0,"",SUM($S21:$AB21)) | AD21: =IF(ISERROR(IF($AC21="","",ROUND(($AC21/$AC$10)*$AD$10,2))),"",IF($AC21="","",ROUND(($AC21/$AC$10)*$AD$10,2))) | AE21: =IF($AD21="","",ROUND($AD21*$AE$10,2)) | AG21: =IF(ISERROR(IF($AF21="","",ROUND(($AF21/$AF$10)*$AG$10,2))),"",IF($AF21="","",ROUND(($AF21/$AF$10)*$AG$10,2))) | AH21: =IF($AG21="","",ROUND($AG21*$AH$10,2)) | AI21: =IF(ISERROR(IF($AF21="","",ROUND(SUM($R21,$AE21,$AH21),2))),"",IF($AF21="","",ROUND(SUM($R21,$AE21,$AH21),2))) | AJ21: =IF(ISERROR(IF($AF21="","",VLOOKUP(AI21,TRANSMUTATION_TABLE,4,TRUE))),"",IF($AF21="","",VLOOKUP(AI21,TRANSMUTATION_TABLE,4,TRUE)))
A22: 11 | B22: ='INPUT DATA'!B22 | D22: 0 | P22: =IF(COUNT($F22:$O22)=0,"",SUM($F22:$O22)) | Q22: =IF(ISERROR(IF($P22="","",ROUND(($P22/$P$10)*$Q$10,2))),"",IF($P22="","",ROUND(($P22/$P$10)*$Q$10,2))) | R22: =IF($Q22="","",ROUND($Q22*$R$10,2)) | AC22: =IF(COUNT($S22:$AB22)=0,"",SUM($S22:$AB22)) | AD22: =IF(ISERROR(IF($AC22="","",ROUND(($AC22/$AC$10)*$AD$10,2))),"",IF($AC22="","",ROUND(($AC22/$AC$10)*$AD$10,2))) | AE22: =IF($AD22="","",ROUND($AD22*$AE$10,2)) | AG22: =IF(ISERROR(IF($AF22="","",ROUND(($AF22/$AF$10)*$AG$10,2))),"",IF($AF22="","",ROUND(($AF22/$AF$10)*$AG$10,2))) | AH22: =IF($AG22="","",ROUND($AG22*$AH$10,2)) | AI22: =IF(ISERROR(IF($AF22="","",ROUND(SUM($R22,$AE22,$AH22),2))),"",IF($AF22="","",ROUND(SUM($R22,$AE22,$AH22),2))) | AJ22: =IF(ISERROR(IF($AF22="","",VLOOKUP(AI22,TRANSMUTATION_TABLE,4,TRUE))),"",IF($AF22="","",VLOOKUP(AI22,TRANSMUTATION_TABLE,4,TRUE)))
A23: 12 | B23: ='INPUT DATA'!B23 | P23: =IF(COUNT($F23:$O23)=0,"",SUM($F23:$O23)) | Q23: =IF(ISERROR(IF($P23="","",ROUND(($P23/$P$10)*$Q$10,2))),"",IF($P23="","",ROUND(($P23/$P$10)*$Q$10,2))) | R23: =IF($Q23="","",ROUND($Q23*$R$10,2)) | AC23: =IF(COUNT($S23:$AB23)=0,"",SUM($S23:$AB23)) | AD23: =IF(ISERROR(IF($AC23="","",ROUND(($AC23/$AC$10)*$AD$10,2))),"",IF($AC23="","",ROUND(($AC23/$AC$10)*$AD$10,2))) | AE23: =IF($AD23="","",ROUND($AD23*$AE$10,2)) | AG23: =IF(ISERROR(IF($AF23="","",ROUND(($AF23/$AF$10)*$AG$10,2))),"",IF($AF23="","",ROUND(($AF23/$AF$10)*$AG$10,2))) | AH23: =IF($AG23="","",ROUND($AG23*$AH$10,2)) | AI23: =IF(ISERROR(IF($AF23="","",ROUND(SUM($R23,$AE23,$AH23),2))),"",IF($AF23="","",ROUND(SUM($R23,$AE23,$AH23),2))) | AJ23: =IF(ISERROR(IF($AF23="","",VLOOKUP(AI23,TRANSMUTATION_TABLE,4,TRUE))),"",IF($AF23="","",VLOOKUP(AI23,TRANSMUTATION_TABLE,4,TRUE)))
A24: 13 | B24: ='INPUT DATA'!B24 | P24: =IF(COUNT($F24:$O24)=0,"",SUM($F24:$O24)) | Q24: =IF(ISERROR(IF($P24="","",ROUND(($P24/$P$10)*$Q$10,2))),"",IF($P24="","",ROUND(($P24/$P$10)*$Q$10,2))) | R24: =IF($Q24="","",ROUND($Q24*$R$10,2)) | AC24: =IF(COUNT($S24:$AB24)=0,"",SUM($S24:$AB24)) | AD24: =IF(ISERROR(IF($AC24="","",ROUND(($AC24/$AC$10)*$AD$10,2))),"",IF($AC24="","",ROUND(($AC24/$AC$10)*$AD$10,2))) | AE24: =IF($AD24="","",ROUND($AD24*$AE$10,2)) | AG24: =IF(ISERROR(IF($AF24="","",ROUND(($AF24/$AF$10)*$AG$10,2))),"",IF($AF24="","",ROUND(($AF24/$AF$10)*$AG$10,2))) | AH24: =IF($AG24="","",ROUND($AG24*$AH$10,2)) | AI24: =IF(ISERROR(IF($AF24="","",ROUND(SUM($R24,$AE24,$AH24),2))),"",IF($AF24="","",ROUND(SUM($R24,$AE24,$AH24),2))) | AJ24: =IF(ISERROR(IF($AF24="","",VLOOKUP(AI24,TRANSMUTATION_TABLE,4,TRUE))),"",IF($AF24="","",VLOOKUP(AI24,TRANSMUTATION_TABLE,4,TRUE)))
A25: 14 | B25: ='INPUT DATA'!B25 | P25: =IF(COUNT($F25:$O25)=0,"",SUM($F25:$O25)) | Q25: =IF(ISERROR(IF($P25="","",ROUND(($P25/$P$10)*$Q$10,2))),"",IF($P25="","",ROUND(($P25/$P$10)*$Q$10,2))) | R25: =IF($Q25="","",ROUND($Q25*$R$10,2)) | AC25: =IF(COUNT($S25:$AB25)=0,"",SUM($S25:$AB25)) | AD25: =IF(ISERROR(IF($AC25="","",ROUND(($AC25/$AC$10)*$AD$10,2))),"",IF($AC25="","",ROUND(($AC25/$AC$10)*$AD$10,2))) | AE25: =IF($AD25="","",ROUND($AD25*$AE$10,2)) | AG25: =IF(ISERROR(IF($AF25="","",ROUND(($AF25/$AF$10)*$AG$10,2))),"",IF($AF25="","",ROUND(($AF25/$AF$10)*$AG$10,2))) | AH25: =IF($AG25="","",ROUND($AG25*$AH$10,2)) | AI25: =IF(ISERROR(IF($AF25="","",ROUND(SUM($R25,$AE25,$AH25),2))),"",IF($AF25="","",ROUND(SUM($R25,$AE25,$AH25),2))) | AJ25: =IF(ISERROR(IF($AF25="","",VLOOKUP(AI25,TRANSMUTATION_TABLE,4,TRUE))),"",IF($AF25="","",VLOOKUP(AI25,TRANSMUTATION_TABLE,4,TRUE)))
A26: 15 | B26: ='INPUT DATA'!B26 | P26: =IF(COUNT($F26:$O26)=0,"",SUM($F26:$O26)) | Q26: =IF(ISERROR(IF($P26="","",ROUND(($P26/$P$10)*$Q$10,2))),"",IF($P26="","",ROUND(($P26/$P$10)*$Q$10,2))) | R26: =IF($Q26="","",ROUND($Q26*$R$10,2)) | AC26: =IF(COUNT($S26:$AB26)=0,"",SUM($S26:$AB26)) | AD26: =IF(ISERROR(IF($AC26="","",ROUND(($AC26/$AC$10)*$AD$10,2))),"",IF($AC26="","",ROUND(($AC26/$AC$10)*$AD$10,2))) | AE26: =IF($AD26="","",ROUND($AD26*$AE$10,2)) | AG26: =IF(ISERROR(IF($AF26="","",ROUND(($AF26/$AF$10)*$AG$10,2))),"",IF($AF26="","",ROUND(($AF26/$AF$10)*$AG$10,2))) | AH26: =IF($AG26="","",ROUND($AG26*$AH$10,2)) | AI26: =IF(ISERROR(IF($AF26="","",ROUND(SUM($R26,$AE26,$AH26),2))),"",IF($AF26="","",ROUND(SUM($R26,$AE26,$AH26),2))) | AJ26: =IF(ISERROR(IF($AF26="","",VLOOKUP(AI26,TRANSMUTATION_TABLE,4,TRUE))),"",IF($AF26="","",VLOOKUP(AI26,TRANSMUTATION_TABLE,4,TRUE)))
A27: 16 | B27: ='INPUT DATA'!B27 | P27: =IF(COUNT($F27:$O27)=0,"",SUM($F27:$O27)) | Q27: =IF(ISERROR(IF($P27="","",ROUND(($P27/$P$10)*$Q$10,2))),"",IF($P27="","",ROUND(($P27/$P$10)*$Q$10,2))) | R27: =IF($Q27="","",ROUND($Q27*$R$10,2)) | AC27: =IF(COUNT($S27:$AB27)=0,"",SUM($S27:$AB27)) | AD27: =IF(ISERROR(IF($AC27="","",ROUND(($AC27/$AC$10)*$AD$10,2))),"",IF($AC27="","",ROUND(($AC27/$AC$10)*$AD$10,2))) | AE27: =IF($AD27="","",ROUND($AD27*$AE$10,2)) | AG27: =IF(ISERROR(IF($AF27="","",ROUND(($AF27/$AF$10)*$AG$10,2))),"",IF($AF27="","",ROUND(($AF27/$AF$10)*$AG$10,2))) | AH27: =IF($AG27="","",ROUND($AG27*$AH$10,2)) | AI27: =IF(ISERROR(IF($AF27="","",ROUND(SUM($R27,$AE27,$AH27),2))),"",IF($AF27="","",ROUND(SUM($R27,$AE27,$AH27),2))) | AJ27: =IF(ISERROR(IF($AF27="","",VLOOKUP(AI27,TRANSMUTATION_TABLE,4,TRUE))),"",IF($AF27="","",VLOOKUP(AI27,TRANSMUTATION_TABLE,4,TRUE)))
A28: 17 | B28: ='INPUT DATA'!B28 | P28: =IF(COUNT($F28:$O28)=0,"",SUM($F28:$O28)) | Q28: =IF(ISERROR(IF($P28="","",ROUND(($P28/$P$10)*$Q$10,2))),"",IF($P28="","",ROUND(($P28/$P$10)*$Q$10,2))) | R28: =IF($Q28="","",ROUND($Q28*$R$10,2)) | AC28: =IF(COUNT($S28:$AB28)=0,"",SUM($S28:$AB28)) | AD28: =IF(ISERROR(IF($AC28="","",ROUND(($AC28/$AC$10)*$AD$10,2))),"",IF($AC28="","",ROUND(($AC28/$AC$10)*$AD$10,2))) | AE28: =IF($AD28="","",ROUND($AD28*$AE$10,2)) | AG28: =IF(ISERROR(IF($AF28="","",ROUND(($AF28/$AF$10)*$AG$10,2))),"",IF($AF28="","",ROUND(($AF28/$AF$10)*$AG$10,2))) | AH28: =IF($AG28="","",ROUND($AG28*$AH$10,2)) | AI28: =IF(ISERROR(IF($AF28="","",ROUND(SUM($R28,$AE28,$AH28),2))),"",IF($AF28="","",ROUND(SUM($R28,$AE28,$AH28),2))) | AJ28: =IF(ISERROR(IF($AF28="","",VLOOKUP(AI28,TRANSMUTATION_TABLE,4,TRUE))),"",IF($AF28="","",VLOOKUP(AI28,TRANSMUTATION_TABLE,4,TRUE)))
A29: 18 | B29: ='INPUT DATA'!B29 | P29: =IF(COUNT($F29:$O29)=0,"",SUM($F29:$O29)) | Q29: =IF(ISERROR(IF($P29="","",ROUND(($P29/$P$10)*$Q$10,2))),"",IF($P29="","",ROUND(($P29/$P$10)*$Q$10,2))) | R29: =IF($Q29="","",ROUND($Q29*$R$10,2)) | AC29: =IF(COUNT($S29:$AB29)=0,"",SUM($S29:$AB29)) | AD29: =IF(ISERROR(IF($AC29="","",ROUND(($AC29/$AC$10)*$AD$10,2))),"",IF($AC29="","",ROUND(($AC29/$AC$10)*$AD$10,2))) | AE29: =IF($AD29="","",ROUND($AD29*$AE$10,2)) | AG29: =IF(ISERROR(IF($AF29="","",ROUND(($AF29/$AF$10)*$AG$10,2))),"",IF($AF29="","",ROUND(($AF29/$AF$10)*$AG$10,2))) | AH29: =IF($AG29="","",ROUND($AG29*$AH$10,2)) | AI29: =IF(ISERROR(IF($AF29="","",ROUND(SUM($R29,$AE29,$AH29),2))),"",IF($AF29="","",ROUND(SUM($R29,$AE29,$AH29),2))) | AJ29: =IF(ISERROR(IF($AF29="","",VLOOKUP(AI29,TRANSMUTATION_TABLE,4,TRUE))),"",IF($AF29="","",VLOOKUP(AI29,TRANSMUTATION_TABLE,4,TRUE)))
A30: 19 | B30: ='INPUT DATA'!B30 | P30: =IF(COUNT($F30:$O30)=0,"",SUM($F30:$O30)) | Q30: =IF(ISERROR(IF($P30="","",ROUND(($P30/$P$10)*$Q$10,2))),"",IF($P30="","",ROUND(($P30/$P$10)*$Q$10,2))) | R30: =IF($Q30="","",ROUND($Q30*$R$10,2)) | AC30: =IF(COUNT($S30:$AB30)=0,"",SUM($S30:$AB30)) | AD30: =IF(ISERROR(IF($AC30="","",ROUND(($AC30/$AC$10)*$AD$10,2))),"",IF($AC30="","",ROUND(($AC30/$AC$10)*$AD$10,2))) | AE30: =IF($AD30="","",ROUND($AD30*$AE$10,2)) | AG30: =IF(ISERROR(IF($AF30="","",ROUND(($AF30/$AF$10)*$AG$10,2))),"",IF($AF30="","",ROUND(($AF30/$AF$10)*$AG$10,2))) | AH30: =IF($AG30="","",ROUND($AG30*$AH$10,2)) | AI30: =IF(ISERROR(IF($AF30="","",ROUND(SUM($R30,$AE30,$AH30),2))),"",IF($AF30="","",ROUND(SUM($R30,$AE30,$AH30),2))) | AJ30: =IF(ISERROR(IF($AF30="","",VLOOKUP(AI30,TRANSMUTATION_TABLE,4,TRUE))),"",IF($AF30="","",VLOOKUP(AI30,TRANSMUTATION_TABLE,4,TRUE)))
A31: 20 | B31: ='INPUT DATA'!B31 | P31: =IF(COUNT($F31:$O31)=0,"",SUM($F31:$O31)) | Q31: =IF(ISERROR(IF($P31="","",ROUND(($P31/$P$10)*$Q$10,2))),"",IF($P31="","",ROUND(($P31/$P$10)*$Q$10,2))) | R31: =IF($Q31="","",ROUND($Q31*$R$10,2)) | AC31: =IF(COUNT($S31:$AB31)=0,"",SUM($S31:$AB31)) | AD31: =IF(ISERROR(IF($AC31="","",ROUND(($AC31/$AC$10)*$AD$10,2))),"",IF($AC31="","",ROUND(($AC31/$AC$10)*$AD$10,2))) | AE31: =IF($AD31="","",ROUND($AD31*$AE$10,2)) | AG31: =IF(ISERROR(IF($AF31="","",ROUND(($AF31/$AF$10)*$AG$10,2))),"",IF($AF31="","",ROUND(($AF31/$AF$10)*$AG$10,2))) | AH31: =IF($AG31="","",ROUND($AG31*$AH$10,2)) | AI31: =IF(ISERROR(IF($AF31="","",ROUND(SUM($R31,$AE31,$AH31),2))),"",IF($AF31="","",ROUND(SUM($R31,$AE31,$AH31),2))) | AJ31: =IF(ISERROR(IF($AF31="","",VLOOKUP(AI31,TRANSMUTATION_TABLE,4,TRUE))),"",IF($AF31="","",VLOOKUP(AI31,TRANSMUTATION_TABLE,4,TRUE)))
A32: 21 | B32: ='INPUT DATA'!B32 | P32: =IF(COUNT($F32:$O32)=0,"",SUM($F32:$O32)) | Q32: =IF(ISERROR(IF($P32="","",ROUND(($P32/$P$10)*$Q$10,2))),"",IF($P32="","",ROUND(($P32/$P$10)*$Q$10,2))) | R32: =IF($Q32="","",ROUND($Q32*$R$10,2)) | AC32: =IF(COUNT($S32:$AB32)=0,"",SUM($S32:$AB32)) | AD32: =IF(ISERROR(IF($AC32="","",ROUND(($AC32/$AC$10)*$AD$10,2))),"",IF($AC32="","",ROUND(($AC32/$AC$10)*$AD$10,2))) | AE32: =IF($AD32="","",ROUND($AD32*$AE$10,2)) | AG32: =IF(ISERROR(IF($AF32="","",ROUND(($AF32/$AF$10)*$AG$10,2))),"",IF($AF32="","",ROUND(($AF32/$AF$10)*$AG$10,2))) | AH32: =IF($AG32="","",ROUND($AG32*$AH$10,2)) | AI32: =IF(ISERROR(IF($AF32="","",ROUND(SUM($R32,$AE32,$AH32),2))),"",IF($AF32="","",ROUND(SUM($R32,$AE32,$AH32),2))) | AJ32: =IF(ISERROR(IF($AF32="","",VLOOKUP(AI32,TRANSMUTATION_TABLE,4,TRUE))),"",IF($AF32="","",VLOOKUP(AI32,TRANSMUTATION_TABLE,4,TRUE)))
A33: 22 | B33: ='INPUT DATA'!B33 | P33: =IF(COUNT($F33:$O33)=0,"",SUM($F33:$O33)) | Q33: =IF(ISERROR(IF($P33="","",ROUND(($P33/$P$10)*$Q$10,2))),"",IF($P33="","",ROUND(($P33/$P$10)*$Q$10,2))) | R33: =IF($Q33="","",ROUND($Q33*$R$10,2)) | AC33: =IF(COUNT($S33:$AB33)=0,"",SUM($S33:$AB33)) | AD33: =IF(ISERROR(IF($AC33="","",ROUND(($AC33/$AC$10)*$AD$10,2))),"",IF($AC33="","",ROUND(($AC33/$AC$10)*$AD$10,2))) | AE33: =IF($AD33="","",ROUND($AD33*$AE$10,2)) | AG33: =IF(ISERROR(IF($AF33="","",ROUND(($AF33/$AF$10)*$AG$10,2))),"",IF($AF33="","",ROUND(($AF33/$AF$10)*$AG$10,2))) | AH33: =IF($AG33="","",ROUND($AG33*$AH$10,2)) | AI33: =IF(ISERROR(IF($AF33="","",ROUND(SUM($R33,$AE33,$AH33),2))),"",IF($AF33="","",ROUND(SUM($R33,$AE33,$AH33),2))) | AJ33: =IF(ISERROR(IF($AF33="","",VLOOKUP(AI33,TRANSMUTATION_TABLE,4,TRUE))),"",IF($AF33="","",VLOOKUP(AI33,TRANSMUTATION_TABLE,4,TRUE)))
A34: 23 | B34: ='INPUT DATA'!B34 | P34: =IF(COUNT($F34:$O34)=0,"",SUM($F34:$O34)) | Q34: =IF(ISERROR(IF($P34="","",ROUND(($P34/$P$10)*$Q$10,2))),"",IF($P34="","",ROUND(($P34/$P$10)*$Q$10,2))) | R34: =IF($Q34="","",ROUND($Q34*$R$10,2)) | AC34: =IF(COUNT($S34:$AB34)=0,"",SUM($S34:$AB34)) | AD34: =IF(ISERROR(IF($AC34="","",ROUND(($AC34/$AC$10)*$AD$10,2))),"",IF($AC34="","",ROUND(($AC34/$AC$10)*$AD$10,2))) | AE34: =IF($AD34="","",ROUND($AD34*$AE$10,2)) | AG34: =IF(ISERROR(IF($AF34="","",ROUND(($AF34/$AF$10)*$AG$10,2))),"",IF($AF34="","",ROUND(($AF34/$AF$10)*$AG$10,2))) | AH34: =IF($AG34="","",ROUND($AG34*$AH$10,2)) | AI34: =IF(ISERROR(IF($AF34="","",ROUND(SUM($R34,$AE34,$AH34),2))),"",IF($AF34="","",ROUND(SUM($R34,$AE34,$AH34),2))) | AJ34: =IF(ISERROR(IF($AF34="","",VLOOKUP(AI34,TRANSMUTATION_TABLE,4,TRUE))),"",IF($AF34="","",VLOOKUP(AI34,TRANSMUTATION_TABLE,4,TRUE)))
... A61: 50 | B61: ='INPUT DATA'!B61 | P61: =IF(COUNT($F61:$O61)=0,"",SUM($F61:$O61)) | Q61: =IF(ISERROR(IF($P61="","",ROUND(($P61/$P$10)*$Q$10,2))),"",IF($P61="","",ROUND(($P61/$P$10)*$Q$10,2))) | R61: =IF($Q61="","",ROUND($Q61*$R$10,2)) | AC61: =IF(COUNT($S61:$AB61)=0,"",SUM($S61:$AB61)) | AD61: =IF(ISERROR(IF($AC61="","",ROUND(($AC61/$AC$10)*$AD$10,2))),"",IF($AC61="","",ROUND(($AC61/$AC$10)*$AD$10,2))) | AE61: =IF($AD61="","",ROUND($AD61*$AE$10,2)) | AG61: =IF(ISERROR(IF($AF61="","",ROUND(($AF61/$AF$10)*$AG$10,2))),"",IF($AF61="","",ROUND(($AF61/$AF$10)*$AG$10,2))) | AH61: =IF($AG61="","",ROUND($AG61*$AH$10,2)) | AI61: =IF(ISERROR(IF($AF61="","",ROUND(SUM($R61,$AE61,$AH61),2))),"",IF($AF61="","",ROUND(SUM($R61,$AE61,$AH61),2))) | AJ61: =IF(ISERROR(IF($AF61="","",VLOOKUP(AI61,TRANSMUTATION_TABLE,4,TRUE))),"",IF($AF61="","",VLOOKUP(AI61,TRANSMUTATION_TABLE,4,TRUE)))
B62: FEMALE
A63: 1 | B63: Jeffrey Cruel | F63: 17 | G63: 18 | P63: =IF(COUNT($F63:$O63)=0,"",SUM($F63:$O63)) | Q63: =IF(ISERROR(IF($P63="","",ROUND(($P63/SUMIF($F63:$O63,"<>",$F$10:$O$10))*100,2))),"",IF($P63="","",ROUND(($P63/SUMIF($F63:$O63,"<>",$F$10:$O$10))*100,2))) | R63: =IF($Q63="","",ROUND($Q63*$R$10,2)) | S63: 49 | T63: 50 | AC63: =IF(COUNT($S63:$AB63)=0,"",SUM($S63:$AB63)) | AD63: =IF(ISERROR(IF($AC63="","",ROUND(($AC63/SUMIF($S63:$AB63,"<>",$S$10:$AB$10))*100,2))),"",IF($AC63="","",ROUND(($AC63/SUMIF($S63:$AB63,"<>",$S$10:$AB$10))*100,2))) | AE63: =IF($AD63="","",ROUND($AD63*$AE$10,2)) | AF63: 46 | AG63: =IF(ISERROR(IF($AF63="","",ROUND(($AF63/$AF$10)*$AG$10,2))),"",IF($AF63="","",ROUND(($AF63/$AF$10)*$AG$10,2))) | AH63: =IF($AG63="","",ROUND($AG63*$AH$10,2)) | AI63: =IF(ISERROR(IF($AF63="","",ROUND(SUM($R63,$AE63,$AH63),2))),"",IF($AF63="","",ROUND(SUM($R63,$AE63,$AH63),2))) | AJ63: =IF(ISERROR(IF($AF63="","",VLOOKUP(AI63,TRANSMUTATION_TABLE,4,TRUE))),"",IF($AF63="","",VLOOKUP(AI63,TRANSMUTATION_TABLE,4,TRUE)))
A64: 2 | B64: ='INPUT DATA'!B64 | P64: =IF(COUNT($F64:$O64)=0,"",SUM($F64:$O64)) | Q64: =IF(ISERROR(IF($P64="","",ROUND(($P64/$P$10)*$Q$10,2))),"",IF($P64="","",ROUND(($P64/$P$10)*$Q$10,2))) | R64: =IF($Q64="","",ROUND($Q64*$R$10,2)) | AC64: =IF(COUNT($S64:$AB64)=0,"",SUM($S64:$AB64)) | AD64: =IF(ISERROR(IF($AC64="","",ROUND(($AC64/$AC$10)*$AD$10,2))),"",IF($AC64="","",ROUND(($AC64/$AC$10)*$AD$10,2))) | AE64: =IF($AD64="","",ROUND($AD64*$AE$10,2)) | AG64: =IF(ISERROR(IF($AF64="","",ROUND(($AF64/$AF$10)*$AG$10,2))),"",IF($AF64="","",ROUND(($AF64/$AF$10)*$AG$10,2))) | AH64: =IF($AG64="","",ROUND($AG64*$AH$10,2)) | AI64: =IF(ISERROR(IF($AF64="","",ROUND(SUM($R64,$AE64,$AH64),2))),"",IF($AF64="","",ROUND(SUM($R64,$AE64,$AH64),2))) | AJ64: =IF(ISERROR(IF($AF64="","",VLOOKUP(AI64,TRANSMUTATION_TABLE,4,TRUE))),"",IF($AF64="","",VLOOKUP(AI64,TRANSMUTATION_TABLE,4,TRUE)))
A65: 3 | B65: ='INPUT DATA'!B65 | P65: =IF(COUNT($F65:$O65)=0,"",SUM($F65:$O65)) | Q65: =IF(ISERROR(IF($P65="","",ROUND(($P65/$P$10)*$Q$10,2))),"",IF($P65="","",ROUND(($P65/$P$10)*$Q$10,2))) | R65: =IF($Q65="","",ROUND($Q65*$R$10,2)) | AC65: =IF(COUNT($S65:$AB65)=0,"",SUM($S65:$AB65)) | AD65: =IF(ISERROR(IF($AC65="","",ROUND(($AC65/$AC$10)*$AD$10,2))),"",IF($AC65="","",ROUND(($AC65/$AC$10)*$AD$10,2))) | AE65: =IF($AD65="","",ROUND($AD65*$AE$10,2)) | AG65: =IF(ISERROR(IF($AF65="","",ROUND(($AF65/$AF$10)*$AG$10,2))),"",IF($AF65="","",ROUND(($AF65/$AF$10)*$AG$10,2))) | AH65: =IF($AG65="","",ROUND($AG65*$AH$10,2)) | AI65: =IF(ISERROR(IF($AF65="","",ROUND(SUM($R65,$AE65,$AH65),2))),"",IF($AF65="","",ROUND(SUM($R65,$AE65,$AH65),2))) | AJ65: =IF(ISERROR(IF($AF65="","",VLOOKUP(AI65,TRANSMUTATION_TABLE,4,TRUE))),"",IF($AF65="","",VLOOKUP(AI65,TRANSMUTATION_TABLE,4,TRUE)))
A66: 4 | B66: ='INPUT DATA'!B66 | P66: =IF(COUNT($F66:$O66)=0,"",SUM($F66:$O66)) | Q66: =IF(ISERROR(IF($P66="","",ROUND(($P66/$P$10)*$Q$10,2))),"",IF($P66="","",ROUND(($P66/$P$10)*$Q$10,2))) | R66: =IF($Q66="","",ROUND($Q66*$R$10,2)) | AC66: =IF(COUNT($S66:$AB66)=0,"",SUM($S66:$AB66)) | AD66: =IF(ISERROR(IF($AC66="","",ROUND(($AC66/$AC$10)*$AD$10,2))),"",IF($AC66="","",ROUND(($AC66/$AC$10)*$AD$10,2))) | AE66: =IF($AD66="","",ROUND($AD66*$AE$10,2)) | AG66: =IF(ISERROR(IF($AF66="","",ROUND(($AF66/$AF$10)*$AG$10,2))),"",IF($AF66="","",ROUND(($AF66/$AF$10)*$AG$10,2))) | AH66: =IF($AG66="","",ROUND($AG66*$AH$10,2)) | AI66: =IF(ISERROR(IF($AF66="","",ROUND(SUM($R66,$AE66,$AH66),2))),"",IF($AF66="","",ROUND(SUM($R66,$AE66,$AH66),2))) | AJ66: =IF(ISERROR(IF($AF66="","",VLOOKUP(AI66,TRANSMUTATION_TABLE,4,TRUE))),"",IF($AF66="","",VLOOKUP(AI66,TRANSMUTATION_TABLE,4,TRUE)))
A67: 5 | B67: ='INPUT DATA'!B67 | P67: =IF(COUNT($F67:$O67)=0,"",SUM($F67:$O67)) | Q67: =IF(ISERROR(IF($P67="","",ROUND(($P67/$P$10)*$Q$10,2))),"",IF($P67="","",ROUND(($P67/$P$10)*$Q$10,2))) | R67: =IF($Q67="","",ROUND($Q67*$R$10,2)) | AC67: =IF(COUNT($S67:$AB67)=0,"",SUM($S67:$AB67)) | AD67: =IF(ISERROR(IF($AC67="","",ROUND(($AC67/$AC$10)*$AD$10,2))),"",IF($AC67="","",ROUND(($AC67/$AC$10)*$AD$10,2))) | AE67: =IF($AD67="","",ROUND($AD67*$AE$10,2)) | AG67: =IF(ISERROR(IF($AF67="","",ROUND(($AF67/$AF$10)*$AG$10,2))),"",IF($AF67="","",ROUND(($AF67/$AF$10)*$AG$10,2))) | AH67: =IF($AG67="","",ROUND($AG67*$AH$10,2)) | AI67: =IF(ISERROR(IF($AF67="","",ROUND(SUM($R67,$AE67,$AH67),2))),"",IF($AF67="","",ROUND(SUM($R67,$AE67,$AH67),2))) | AJ67: =IF(ISERROR(IF($AF67="","",VLOOKUP(AI67,TRANSMUTATION_TABLE,4,TRUE))),"",IF($AF67="","",VLOOKUP(AI67,TRANSMUTATION_TABLE,4,TRUE)))
A68: 6 | B68: ='INPUT DATA'!B68 | P68: =IF(COUNT($F68:$O68)=0,"",SUM($F68:$O68)) | Q68: =IF(ISERROR(IF($P68="","",ROUND(($P68/$P$10)*$Q$10,2))),"",IF($P68="","",ROUND(($P68/$P$10)*$Q$10,2))) | R68: =IF($Q68="","",ROUND($Q68*$R$10,2)) | AC68: =IF(COUNT($S68:$AB68)=0,"",SUM($S68:$AB68)) | AD68: =IF(ISERROR(IF($AC68="","",ROUND(($AC68/$AC$10)*$AD$10,2))),"",IF($AC68="","",ROUND(($AC68/$AC$10)*$AD$10,2))) | AE68: =IF($AD68="","",ROUND($AD68*$AE$10,2)) | AG68: =IF(ISERROR(IF($AF68="","",ROUND(($AF68/$AF$10)*$AG$10,2))),"",IF($AF68="","",ROUND(($AF68/$AF$10)*$AG$10,2))) | AH68: =IF($AG68="","",ROUND($AG68*$AH$10,2)) | AI68: =IF(ISERROR(IF($AF68="","",ROUND(SUM($R68,$AE68,$AH68),2))),"",IF($AF68="","",ROUND(SUM($R68,$AE68,$AH68),2))) | AJ68: =IF(ISERROR(IF($AF68="","",VLOOKUP(AI68,TRANSMUTATION_TABLE,4,TRUE))),"",IF($AF68="","",VLOOKUP(AI68,TRANSMUTATION_TABLE,4,TRUE)))
A69: 7 | B69: ='INPUT DATA'!B69 | P69: =IF(COUNT($F69:$O69)=0,"",SUM($F69:$O69)) | Q69: =IF(ISERROR(IF($P69="","",ROUND(($P69/$P$10)*$Q$10,2))),"",IF($P69="","",ROUND(($P69/$P$10)*$Q$10,2))) | R69: =IF($Q69="","",ROUND($Q69*$R$10,2)) | AC69: =IF(COUNT($S69:$AB69)=0,"",SUM($S69:$AB69)) | AD69: =IF(ISERROR(IF($AC69="","",ROUND(($AC69/$AC$10)*$AD$10,2))),"",IF($AC69="","",ROUND(($AC69/$AC$10)*$AD$10,2))) | AE69: =IF($AD69="","",ROUND($AD69*$AE$10,2)) | AG69: =IF(ISERROR(IF($AF69="","",ROUND(($AF69/$AF$10)*$AG$10,2))),"",IF($AF69="","",ROUND(($AF69/$AF$10)*$AG$10,2))) | AH69: =IF($AG69="","",ROUND($AG69*$AH$10,2)) | AI69: =IF(ISERROR(IF($AF69="","",ROUND(SUM($R69,$AE69,$AH69),2))),"",IF($AF69="","",ROUND(SUM($R69,$AE69,$AH69),2))) | AJ69: =IF(ISERROR(IF($AF69="","",VLOOKUP(AI69,TRANSMUTATION_TABLE,4,TRUE))),"",IF($AF69="","",VLOOKUP(AI69,TRANSMUTATION_TABLE,4,TRUE)))
A70: 8 | B70: ='INPUT DATA'!B70 | P70: =IF(COUNT($F70:$O70)=0,"",SUM($F70:$O70)) | Q70: =IF(ISERROR(IF($P70="","",ROUND(($P70/$P$10)*$Q$10,2))),"",IF($P70="","",ROUND(($P70/$P$10)*$Q$10,2))) | R70: =IF($Q70="","",ROUND($Q70*$R$10,2)) | AC70: =IF(COUNT($S70:$AB70)=0,"",SUM($S70:$AB70)) | AD70: =IF(ISERROR(IF($AC70="","",ROUND(($AC70/$AC$10)*$AD$10,2))),"",IF($AC70="","",ROUND(($AC70/$AC$10)*$AD$10,2))) | AE70: =IF($AD70="","",ROUND($AD70*$AE$10,2)) | AG70: =IF(ISERROR(IF($AF70="","",ROUND(($AF70/$AF$10)*$AG$10,2))),"",IF($AF70="","",ROUND(($AF70/$AF$10)*$AG$10,2))) | AH70: =IF($AG70="","",ROUND($AG70*$AH$10,2)) | AI70: =IF(ISERROR(IF($AF70="","",ROUND(SUM($R70,$AE70,$AH70),2))),"",IF($AF70="","",ROUND(SUM($R70,$AE70,$AH70),2))) | AJ70: =IF(ISERROR(IF($AF70="","",VLOOKUP(AI70,TRANSMUTATION_TABLE,4,TRUE))),"",IF($AF70="","",VLOOKUP(AI70,TRANSMUTATION_TABLE,4,TRUE)))
A71: 9 | B71: ='INPUT DATA'!B71 | P71: =IF(COUNT($F71:$O71)=0,"",SUM($F71:$O71)) | Q71: =IF(ISERROR(IF($P71="","",ROUND(($P71/$P$10)*$Q$10,2))),"",IF($P71="","",ROUND(($P71/$P$10)*$Q$10,2))) | R71: =IF($Q71="","",ROUND($Q71*$R$10,2)) | AC71: =IF(COUNT($S71:$AB71)=0,"",SUM($S71:$AB71)) | AD71: =IF(ISERROR(IF($AC71="","",ROUND(($AC71/$AC$10)*$AD$10,2))),"",IF($AC71="","",ROUND(($AC71/$AC$10)*$AD$10,2))) | AE71: =IF($AD71="","",ROUND($AD71*$AE$10,2)) | AG71: =IF(ISERROR(IF($AF71="","",ROUND(($AF71/$AF$10)*$AG$10,2))),"",IF($AF71="","",ROUND(($AF71/$AF$10)*$AG$10,2))) | AH71: =IF($AG71="","",ROUND($AG71*$AH$10,2)) | AI71: =IF(ISERROR(IF($AF71="","",ROUND(SUM($R71,$AE71,$AH71),2))),"",IF($AF71="","",ROUND(SUM($R71,$AE71,$AH71),2))) | AJ71: =IF(ISERROR(IF($AF71="","",VLOOKUP(AI71,TRANSMUTATION_TABLE,4,TRUE))),"",IF($AF71="","",VLOOKUP(AI71,TRANSMUTATION_TABLE,4,TRUE)))
A72: 10 | B72: ='INPUT DATA'!B72 | P72: =IF(COUNT($F72:$O72)=0,"",SUM($F72:$O72)) | Q72: =IF(ISERROR(IF($P72="","",ROUND(($P72/$P$10)*$Q$10,2))),"",IF($P72="","",ROUND(($P72/$P$10)*$Q$10,2))) | R72: =IF($Q72="","",ROUND($Q72*$R$10,2)) | AC72: =IF(COUNT($S72:$AB72)=0,"",SUM($S72:$AB72)) | AD72: =IF(ISERROR(IF($AC72="","",ROUND(($AC72/$AC$10)*$AD$10,2))),"",IF($AC72="","",ROUND(($AC72/$AC$10)*$AD$10,2))) | AE72: =IF($AD72="","",ROUND($AD72*$AE$10,2)) | AG72: =IF(ISERROR(IF($AF72="","",ROUND(($AF72/$AF$10)*$AG$10,2))),"",IF($AF72="","",ROUND(($AF72/$AF$10)*$AG$10,2))) | AH72: =IF($AG72="","",ROUND($AG72*$AH$10,2)) | AI72: =IF(ISERROR(IF($AF72="","",ROUND(SUM($R72,$AE72,$AH72),2))),"",IF($AF72="","",ROUND(SUM($R72,$AE72,$AH72),2))) | AJ72: =IF(ISERROR(IF($AF72="","",VLOOKUP(AI72,TRANSMUTATION_TABLE,4,TRUE))),"",IF($AF72="","",VLOOKUP(AI72,TRANSMUTATION_TABLE,4,TRUE)))
A73: 11 | B73: ='INPUT DATA'!B73 | P73: =IF(COUNT($F73:$O73)=0,"",SUM($F73:$O73)) | Q73: =IF(ISERROR(IF($P73="","",ROUND(($P73/$P$10)*$Q$10,2))),"",IF($P73="","",ROUND(($P73/$P$10)*$Q$10,2))) | R73: =IF($Q73="","",ROUND($Q73*$R$10,2)) | AC73: =IF(COUNT($S73:$AB73)=0,"",SUM($S73:$AB73)) | AD73: =IF(ISERROR(IF($AC73="","",ROUND(($AC73/$AC$10)*$AD$10,2))),"",IF($AC73="","",ROUND(($AC73/$AC$10)*$AD$10,2))) | AE73: =IF($AD73="","",ROUND($AD73*$AE$10,2)) | AG73: =IF(ISERROR(IF($AF73="","",ROUND(($AF73/$AF$10)*$AG$10,2))),"",IF($AF73="","",ROUND(($AF73/$AF$10)*$AG$10,2))) | AH73: =IF($AG73="","",ROUND($AG73*$AH$10,2)) | AI73: =IF(ISERROR(IF($AF73="","",ROUND(SUM($R73,$AE73,$AH73),2))),"",IF($AF73="","",ROUND(SUM($R73,$AE73,$AH73),2))) | AJ73: =IF(ISERROR(IF($AF73="","",VLOOKUP(AI73,TRANSMUTATION_TABLE,4,TRUE))),"",IF($AF73="","",VLOOKUP(AI73,TRANSMUTATION_TABLE,4,TRUE)))
A74: 12 | B74: ='INPUT DATA'!B74 | P74: =IF(COUNT($F74:$O74)=0,"",SUM($F74:$O74)) | Q74: =IF(ISERROR(IF($P74="","",ROUND(($P74/$P$10)*$Q$10,2))),"",IF($P74="","",ROUND(($P74/$P$10)*$Q$10,2))) | R74: =IF($Q74="","",ROUND($Q74*$R$10,2)) | AC74: =IF(COUNT($S74:$AB74)=0,"",SUM($S74:$AB74)) | AD74: =IF(ISERROR(IF($AC74="","",ROUND(($AC74/$AC$10)*$AD$10,2))),"",IF($AC74="","",ROUND(($AC74/$AC$10)*$AD$10,2))) | AE74: =IF($AD74="","",ROUND($AD74*$AE$10,2)) | AG74: =IF(ISERROR(IF($AF74="","",ROUND(($AF74/$AF$10)*$AG$10,2))),"",IF($AF74="","",ROUND(($AF74/$AF$10)*$AG$10,2))) | AH74: =IF($AG74="","",ROUND($AG74*$AH$10,2)) | AI74: =IF(ISERROR(IF($AF74="","",ROUND(SUM($R74,$AE74,$AH74),2))),"",IF($AF74="","",ROUND(SUM($R74,$AE74,$AH74),2))) | AJ74: =IF(ISERROR(IF($AF74="","",VLOOKUP(AI74,TRANSMUTATION_TABLE,4,TRUE))),"",IF($AF74="","",VLOOKUP(AI74,TRANSMUTATION_TABLE,4,TRUE)))
A75: 13 | B75: ='INPUT DATA'!B75 | P75: =IF(COUNT($F75:$O75)=0,"",SUM($F75:$O75)) | Q75: =IF(ISERROR(IF($P75="","",ROUND(($P75/$P$10)*$Q$10,2))),"",IF($P75="","",ROUND(($P75/$P$10)*$Q$10,2))) | R75: =IF($Q75="","",ROUND($Q75*$R$10,2)) | AC75: =IF(COUNT($S75:$AB75)=0,"",SUM($S75:$AB75)) | AD75: =IF(ISERROR(IF($AC75="","",ROUND(($AC75/$AC$10)*$AD$10,2))),"",IF($AC75="","",ROUND(($AC75/$AC$10)*$AD$10,2))) | AE75: =IF($AD75="","",ROUND($AD75*$AE$10,2)) | AG75: =IF(ISERROR(IF($AF75="","",ROUND(($AF75/$AF$10)*$AG$10,2))),"",IF($AF75="","",ROUND(($AF75/$AF$10)*$AG$10,2))) | AH75: =IF($AG75="","",ROUND($AG75*$AH$10,2)) | AI75: =IF(ISERROR(IF($AF75="","",ROUND(SUM($R75,$AE75,$AH75),2))),"",IF($AF75="","",ROUND(SUM($R75,$AE75,$AH75),2))) | AJ75: =IF(ISERROR(IF($AF75="","",VLOOKUP(AI75,TRANSMUTATION_TABLE,4,TRUE))),"",IF($AF75="","",VLOOKUP(AI75,TRANSMUTATION_TABLE,4,TRUE)))
... A112: 50 | B112: ='INPUT DATA'!B112 | P112: =IF(COUNT($F112:$O112)=0,"",SUM($F112:$O112)) | Q112: =IF(ISERROR(IF($P112="","",ROUND(($P112/$P$10)*$Q$10,2))),"",IF($P112="","",ROUND(($P112/$P$10)*$Q$10,2))) | R112: =IF($Q112="","",ROUND($Q112*$R$10,2)) | AC112: =IF(COUNT($S112:$AB112)=0,"",SUM($S112:$AB112)) | AD112: =IF(ISERROR(IF($AC112="","",ROUND(($AC112/$AC$10)*$AD$10,2))),"",IF($AC112="","",ROUND(($AC112/$AC$10)*$AD$10,2))) | AE112: =IF($AD112="","",ROUND($AD112*$AE$10,2)) | AG112: =IF(ISERROR(IF($AF112="","",ROUND(($AF112/$AF$10)*$AG$10,2))),"",IF($AF112="","",ROUND(($AF112/$AF$10)*$AG$10,2))) | AH112: =IF($AG112="","",ROUND($AG112*$AH$10,2)) | AI112: =IF(ISERROR(IF($AF112="","",ROUND(SUM($R112,$AE112,$AH112),2))),"",IF($AF112="","",ROUND(SUM($R112,$AE112,$AH112),2))) | AJ112: =IF(ISERROR(IF($AF112="","",VLOOKUP(AI112,TRANSMUTATION_TABLE,4,TRUE))),"",IF($AF112="","",VLOOKUP(AI112,TRANSMUTATION_TABLE,4,TRUE)))

Sheet ARTS_Q4
A1: Class Record
A3: (Pursuant to Deped Order 8 series of 2015)
C4: REGION | G4: V | L4: DIVISION | O4: V
B5: SCHOOL NAME | G5: San Jose National High School | T5: SCHOOL ID | X5: 301874 | AD5: SCHOOL YEAR | AG5: 2027-2028
A7: FOURTH QUARTER | F7: GRADE & SECTION: | K7: Grade 7 - Jose | Q7: TEACHER: | S7: Teacher Account | AC7: SUBJECT: | AG7: ARTS
B8: LEARNERS' NAMES | F8: WRITTEN WORKS (20%) | S8: PERFORMANCE TASKS (60%) | AF8: QUARTERLY ASSESSMENT (20%) | AI8: Initial | AJ8: Quarterly
F9: 1 | G9: 2 | H9: 3 | I9: 4 | J9: 5 | K9: 6 | L9: 7 | M9: 8 | N9: 9 | O9: 10 | P9: Total | Q9: PS | R9: WS | S9: 1 | T9: 2 | U9: 3 | V9: 4 | W9: 5 | X9: 6 | Y9: 7 | Z9: 8 | AA9: 9 | AB9: 10 | AC9: Total | AD9: PS | AE9: WS | AF9: 1 | AG9: PS | AH9: WS | AI9: Grade | AJ9: Grade
B10: HIGHEST POSSIBLE SCORE | P10: =IF(COUNT($F10:$O10)=0,"",SUM($F10:$O10)) | Q10: 100 | R10: 0.2 | AC10: =IF(COUNT($S10:$AB10)=0,"",SUM($S10:$AB10)) | AD10: 100 | AE10: 0.6 | AG10: 100 | AH10: 0.2
B11: MALE
A12: 1 | B12: Baterbornia, Rene | P12: =IF(COUNT($F12:$O12)=0,"",SUM($F12:$O12)) | Q12: =IF(ISERROR(IF($P12="","",ROUND(($P12/SUMIF($F12:$O12,"<>",$F$10:$O$10))*100,2))),"",IF($P12="","",ROUND(($P12/SUMIF($F12:$O12,"<>",$F$10:$O$10))*100,2))) | R12: =IF($Q12="","",ROUND($Q12*$R$10,2)) | AC12: =IF(COUNT($S12:$AB12)=0,"",SUM($S12:$AB12)) | AD12: =IF(ISERROR(IF($AC12="","",ROUND(($AC12/SUMIF($S12:$AB12,"<>",$S$10:$AB$10))*100,2))),"",IF($AC12="","",ROUND(($AC12/SUMIF($S12:$AB12,"<>",$S$10:$AB$10))*100,2))) | AE12: =IF($AD12="","",ROUND($AD12*$AE$10,2)) | AG12: =IF(ISERROR(IF($AF12="","",ROUND(($AF12/$AF$10)*$AG$10,2))),"",IF($AF12="","",ROUND(($AF12/$AF$10)*$AG$10,2))) | AH12: =IF($AG12="","",ROUND($AG12*$AH$10,2)) | AI12: =IF(ISERROR(IF($AF12="","",ROUND(SUM($R12,$AE12,$AH12),2))),"",IF($AF12="","",ROUND(SUM($R12,$AE12,$AH12),2))) | AJ12: =IF(ISERROR(IF($AF12="","",VLOOKUP(AI12,TRANSMUTATION_TABLE,4,TRUE))),"",IF($AF12="","",VLOOKUP(AI12,TRANSMUTATION_TABLE,4,TRUE)))
A13: 2 | B13: ='INPUT DATA'!B13 | P13: =IF(COUNT($F13:$O13)=0,"",SUM($F13:$O13)) | Q13: =IF(ISERROR(IF($P13="","",ROUND(($P13/$P$10)*$Q$10,2))),"",IF($P13="","",ROUND(($P13/$P$10)*$Q$10,2))) | R13: =IF($Q13="","",ROUND($Q13*$R$10,2)) | AC13: =IF(COUNT($S13:$AB13)=0,"",SUM($S13:$AB13)) | AD13: =IF(ISERROR(IF($AC13="","",ROUND(($AC13/$AC$10)*$AD$10,2))),"",IF($AC13="","",ROUND(($AC13/$AC$10)*$AD$10,2))) | AE13: =IF($AD13="","",ROUND($AD13*$AE$10,2)) | AG13: =IF(ISERROR(IF($AF13="","",ROUND(($AF13/$AF$10)*$AG$10,2))),"",IF($AF13="","",ROUND(($AF13/$AF$10)*$AG$10,2))) | AH13: =IF($AG13="","",ROUND($AG13*$AH$10,2)) | AI13: =IF(ISERROR(IF($AF13="","",ROUND(SUM($R13,$AE13,$AH13),2))),"",IF($AF13="","",ROUND(SUM($R13,$AE13,$AH13),2))) | AJ13: =IF(ISERROR(IF($AF13="","",VLOOKUP(AI13,TRANSMUTATION_TABLE,4,TRUE))),"",IF($AF13="","",VLOOKUP(AI13,TRANSMUTATION_TABLE,4,TRUE)))
A14: 3 | B14: ='INPUT DATA'!B14 | P14: =IF(COUNT($F14:$O14)=0,"",SUM($F14:$O14)) | Q14: =IF(ISERROR(IF($P14="","",ROUND(($P14/$P$10)*$Q$10,2))),"",IF($P14="","",ROUND(($P14/$P$10)*$Q$10,2))) | R14: =IF($Q14="","",ROUND($Q14*$R$10,2)) | AC14: =IF(COUNT($S14:$AB14)=0,"",SUM($S14:$AB14)) | AD14: =IF(ISERROR(IF($AC14="","",ROUND(($AC14/$AC$10)*$AD$10,2))),"",IF($AC14="","",ROUND(($AC14/$AC$10)*$AD$10,2))) | AE14: =IF($AD14="","",ROUND($AD14*$AE$10,2)) | AG14: =IF(ISERROR(IF($AF14="","",ROUND(($AF14/$AF$10)*$AG$10,2))),"",IF($AF14="","",ROUND(($AF14/$AF$10)*$AG$10,2))) | AH14: =IF($AG14="","",ROUND($AG14*$AH$10,2)) | AI14: =IF(ISERROR(IF($AF14="","",ROUND(SUM($R14,$AE14,$AH14),2))),"",IF($AF14="","",ROUND(SUM($R14,$AE14,$AH14),2))) | AJ14: =IF(ISERROR(IF($AF14="","",VLOOKUP(AI14,TRANSMUTATION_TABLE,4,TRUE))),"",IF($AF14="","",VLOOKUP(AI14,TRANSMUTATION_TABLE,4,TRUE)))
A15: 4 | B15: ='INPUT DATA'!B15 | P15: =IF(COUNT($F15:$O15)=0,"",SUM($F15:$O15)) | Q15: =IF(ISERROR(IF($P15="","",ROUND(($P15/$P$10)*$Q$10,2))),"",IF($P15="","",ROUND(($P15/$P$10)*$Q$10,2))) | R15: =IF($Q15="","",ROUND($Q15*$R$10,2)) | AC15: =IF(COUNT($S15:$AB15)=0,"",SUM($S15:$AB15)) | AD15: =IF(ISERROR(IF($AC15="","",ROUND(($AC15/$AC$10)*$AD$10,2))),"",IF($AC15="","",ROUND(($AC15/$AC$10)*$AD$10,2))) | AE15: =IF($AD15="","",ROUND($AD15*$AE$10,2)) | AG15: =IF(ISERROR(IF($AF15="","",ROUND(($AF15/$AF$10)*$AG$10,2))),"",IF($AF15="","",ROUND(($AF15/$AF$10)*$AG$10,2))) | AH15: =IF($AG15="","",ROUND($AG15*$AH$10,2)) | AI15: =IF(ISERROR(IF($AF15="","",ROUND(SUM($R15,$AE15,$AH15),2))),"",IF($AF15="","",ROUND(SUM($R15,$AE15,$AH15),2))) | AJ15: =IF(ISERROR(IF($AF15="","",VLOOKUP(AI15,TRANSMUTATION_TABLE,4,TRUE))),"",IF($AF15="","",VLOOKUP(AI15,TRANSMUTATION_TABLE,4,TRUE)))
A16: 5 | B16: ='INPUT DATA'!B16 | P16: =IF(COUNT($F16:$O16)=0,"",SUM($F16:$O16)) | Q16: =IF(ISERROR(IF($P16="","",ROUND(($P16/$P$10)*$Q$10,2))),"",IF($P16="","",ROUND(($P16/$P$10)*$Q$10,2))) | R16: =IF($Q16="","",ROUND($Q16*$R$10,2)) | AC16: =IF(COUNT($S16:$AB16)=0,"",SUM($S16:$AB16)) | AD16: =IF(ISERROR(IF($AC16="","",ROUND(($AC16/$AC$10)*$AD$10,2))),"",IF($AC16="","",ROUND(($AC16/$AC$10)*$AD$10,2))) | AE16: =IF($AD16="","",ROUND($AD16*$AE$10,2)) | AG16: =IF(ISERROR(IF($AF16="","",ROUND(($AF16/$AF$10)*$AG$10,2))),"",IF($AF16="","",ROUND(($AF16/$AF$10)*$AG$10,2))) | AH16: =IF($AG16="","",ROUND($AG16*$AH$10,2)) | AI16: =IF(ISERROR(IF($AF16="","",ROUND(SUM($R16,$AE16,$AH16),2))),"",IF($AF16="","",ROUND(SUM($R16,$AE16,$AH16),2))) | AJ16: =IF(ISERROR(IF($AF16="","",VLOOKUP(AI16,TRANSMUTATION_TABLE,4,TRUE))),"",IF($AF16="","",VLOOKUP(AI16,TRANSMUTATION_TABLE,4,TRUE)))
A17: 6 | B17: ='INPUT DATA'!B17 | P17: =IF(COUNT($F17:$O17)=0,"",SUM($F17:$O17)) | Q17: =IF(ISERROR(IF($P17="","",ROUND(($P17/$P$10)*$Q$10,2))),"",IF($P17="","",ROUND(($P17/$P$10)*$Q$10,2))) | R17: =IF($Q17="","",ROUND($Q17*$R$10,2)) | AC17: =IF(COUNT($S17:$AB17)=0,"",SUM($S17:$AB17)) | AD17: =IF(ISERROR(IF($AC17="","",ROUND(($AC17/$AC$10)*$AD$10,2))),"",IF($AC17="","",ROUND(($AC17/$AC$10)*$AD$10,2))) | AE17: =IF($AD17="","",ROUND($AD17*$AE$10,2)) | AG17: =IF(ISERROR(IF($AF17="","",ROUND(($AF17/$AF$10)*$AG$10,2))),"",IF($AF17="","",ROUND(($AF17/$AF$10)*$AG$10,2))) | AH17: =IF($AG17="","",ROUND($AG17*$AH$10,2)) | AI17: =IF(ISERROR(IF($AF17="","",ROUND(SUM($R17,$AE17,$AH17),2))),"",IF($AF17="","",ROUND(SUM($R17,$AE17,$AH17),2))) | AJ17: =IF(ISERROR(IF($AF17="","",VLOOKUP(AI17,TRANSMUTATION_TABLE,4,TRUE))),"",IF($AF17="","",VLOOKUP(AI17,TRANSMUTATION_TABLE,4,TRUE)))
A18: 7 | B18: ='INPUT DATA'!B18 | P18: =IF(COUNT($F18:$O18)=0,"",SUM($F18:$O18)) | Q18: =IF(ISERROR(IF($P18="","",ROUND(($P18/$P$10)*$Q$10,2))),"",IF($P18="","",ROUND(($P18/$P$10)*$Q$10,2))) | R18: =IF($Q18="","",ROUND($Q18*$R$10,2)) | AC18: =IF(COUNT($S18:$AB18)=0,"",SUM($S18:$AB18)) | AD18: =IF(ISERROR(IF($AC18="","",ROUND(($AC18/$AC$10)*$AD$10,2))),"",IF($AC18="","",ROUND(($AC18/$AC$10)*$AD$10,2))) | AE18: =IF($AD18="","",ROUND($AD18*$AE$10,2)) | AG18: =IF(ISERROR(IF($AF18="","",ROUND(($AF18/$AF$10)*$AG$10,2))),"",IF($AF18="","",ROUND(($AF18/$AF$10)*$AG$10,2))) | AH18: =IF($AG18="","",ROUND($AG18*$AH$10,2)) | AI18: =IF(ISERROR(IF($AF18="","",ROUND(SUM($R18,$AE18,$AH18),2))),"",IF($AF18="","",ROUND(SUM($R18,$AE18,$AH18),2))) | AJ18: =IF(ISERROR(IF($AF18="","",VLOOKUP(AI18,TRANSMUTATION_TABLE,4,TRUE))),"",IF($AF18="","",VLOOKUP(AI18,TRANSMUTATION_TABLE,4,TRUE)))
A19: 8 | B19: ='INPUT DATA'!B19 | D19: 0 | P19: =IF(COUNT($F19:$O19)=0,"",SUM($F19:$O19)) | Q19: =IF(ISERROR(IF($P19="","",ROUND(($P19/$P$10)*$Q$10,2))),"",IF($P19="","",ROUND(($P19/$P$10)*$Q$10,2))) | R19: =IF($Q19="","",ROUND($Q19*$R$10,2)) | AC19: =IF(COUNT($S19:$AB19)=0,"",SUM($S19:$AB19)) | AD19: =IF(ISERROR(IF($AC19="","",ROUND(($AC19/$AC$10)*$AD$10,2))),"",IF($AC19="","",ROUND(($AC19/$AC$10)*$AD$10,2))) | AE19: =IF($AD19="","",ROUND($AD19*$AE$10,2)) | AG19: =IF(ISERROR(IF($AF19="","",ROUND(($AF19/$AF$10)*$AG$10,2))),"",IF($AF19="","",ROUND(($AF19/$AF$10)*$AG$10,2))) | AH19: =IF($AG19="","",ROUND($AG19*$AH$10,2)) | AI19: =IF(ISERROR(IF($AF19="","",ROUND(SUM($R19,$AE19,$AH19),2))),"",IF($AF19="","",ROUND(SUM($R19,$AE19,$AH19),2))) | AJ19: =IF(ISERROR(IF($AF19="","",VLOOKUP(AI19,TRANSMUTATION_TABLE,4,TRUE))),"",IF($AF19="","",VLOOKUP(AI19,TRANSMUTATION_TABLE,4,TRUE)))
A20: 9 | B20: ='INPUT DATA'!B20 | P20: =IF(COUNT($F20:$O20)=0,"",SUM($F20:$O20)) | Q20: =IF(ISERROR(IF($P20="","",ROUND(($P20/$P$10)*$Q$10,2))),"",IF($P20="","",ROUND(($P20/$P$10)*$Q$10,2))) | R20: =IF($Q20="","",ROUND($Q20*$R$10,2)) | AC20: =IF(COUNT($S20:$AB20)=0,"",SUM($S20:$AB20)) | AD20: =IF(ISERROR(IF($AC20="","",ROUND(($AC20/$AC$10)*$AD$10,2))),"",IF($AC20="","",ROUND(($AC20/$AC$10)*$AD$10,2))) | AE20: =IF($AD20="","",ROUND($AD20*$AE$10,2)) | AG20: =IF(ISERROR(IF($AF20="","",ROUND(($AF20/$AF$10)*$AG$10,2))),"",IF($AF20="","",ROUND(($AF20/$AF$10)*$AG$10,2))) | AH20: =IF($AG20="","",ROUND($AG20*$AH$10,2)) | AI20: =IF(ISERROR(IF($AF20="","",ROUND(SUM($R20,$AE20,$AH20),2))),"",IF($AF20="","",ROUND(SUM($R20,$AE20,$AH20),2))) | AJ20: =IF(ISERROR(IF($AF20="","",VLOOKUP(AI20,TRANSMUTATION_TABLE,4,TRUE))),"",IF($AF20="","",VLOOKUP(AI20,TRANSMUTATION_TABLE,4,TRUE)))
A21: 10 | B21: ='INPUT DATA'!B21 | P21: =IF(COUNT($F21:$O21)=0,"",SUM($F21:$O21)) | Q21: =IF(ISERROR(IF($P21="","",ROUND(($P21/$P$10)*$Q$10,2))),"",IF($P21="","",ROUND(($P21/$P$10)*$Q$10,2))) | R21: =IF($Q21="","",ROUND($Q21*$R$10,2)) | AC21: =IF(COUNT($S21:$AB21)=0,"",SUM($S21:$AB21)) | AD21: =IF(ISERROR(IF($AC21="","",ROUND(($AC21/$AC$10)*$AD$10,2))),"",IF($AC21="","",ROUND(($AC21/$AC$10)*$AD$10,2))) | AE21: =IF($AD21="","",ROUND($AD21*$AE$10,2)) | AG21: =IF(ISERROR(IF($AF21="","",ROUND(($AF21/$AF$10)*$AG$10,2))),"",IF($AF21="","",ROUND(($AF21/$AF$10)*$AG$10,2))) | AH21: =IF($AG21="","",ROUND($AG21*$AH$10,2)) | AI21: =IF(ISERROR(IF($AF21="","",ROUND(SUM($R21,$AE21,$AH21),2))),"",IF($AF21="","",ROUND(SUM($R21,$AE21,$AH21),2))) | AJ21: =IF(ISERROR(IF($AF21="","",VLOOKUP(AI21,TRANSMUTATION_TABLE,4,TRUE))),"",IF($AF21="","",VLOOKUP(AI21,TRANSMUTATION_TABLE,4,TRUE)))
A22: 11 | B22: ='INPUT DATA'!B22 | D22: 0 | P22: =IF(COUNT($F22:$O22)=0,"",SUM($F22:$O22)) | Q22: =IF(ISERROR(IF($P22="","",ROUND(($P22/$P$10)*$Q$10,2))),"",IF($P22="","",ROUND(($P22/$P$10)*$Q$10,2))) | R22: =IF($Q22="","",ROUND($Q22*$R$10,2)) | AC22: =IF(COUNT($S22:$AB22)=0,"",SUM($S22:$AB22)) | AD22: =IF(ISERROR(IF($AC22="","",ROUND(($AC22/$AC$10)*$AD$10,2))),"",IF($AC22="","",ROUND(($AC22/$AC$10)*$AD$10,2))) | AE22: =IF($AD22="","",ROUND($AD22*$AE$10,2)) | AG22: =IF(ISERROR(IF($AF22="","",ROUND(($AF22/$AF$10)*$AG$10,2))),"",IF($AF22="","",ROUND(($AF22/$AF$10)*$AG$10,2))) | AH22: =IF($AG22="","",ROUND($AG22*$AH$10,2)) | AI22: =IF(ISERROR(IF($AF22="","",ROUND(SUM($R22,$AE22,$AH22),2))),"",IF($AF22="","",ROUND(SUM($R22,$AE22,$AH22),2))) | AJ22: =IF(ISERROR(IF($AF22="","",VLOOKUP(AI22,TRANSMUTATION_TABLE,4,TRUE))),"",IF($AF22="","",VLOOKUP(AI22,TRANSMUTATION_TABLE,4,TRUE)))
A23: 12 | B23: ='INPUT DATA'!B23 | P23: =IF(COUNT($F23:$O23)=0,"",SUM($F23:$O23)) | Q23: =IF(ISERROR(IF($P23="","",ROUND(($P23/$P$10)*$Q$10,2))),"",IF($P23="","",ROUND(($P23/$P$10)*$Q$10,2))) | R23: =IF($Q23="","",ROUND($Q23*$R$10,2)) | AC23: =IF(COUNT($S23:$AB23)=0,"",SUM($S23:$AB23)) | AD23: =IF(ISERROR(IF($AC23="","",ROUND(($AC23/$AC$10)*$AD$10,2))),"",IF($AC23="","",ROUND(($AC23/$AC$10)*$AD$10,2))) | AE23: =IF($AD23="","",ROUND($AD23*$AE$10,2)) | AG23: =IF(ISERROR(IF($AF23="","",ROUND(($AF23/$AF$10)*$AG$10,2))),"",IF($AF23="","",ROUND(($AF23/$AF$10)*$AG$10,2))) | AH23: =IF($AG23="","",ROUND($AG23*$AH$10,2)) | AI23: =IF(ISERROR(IF($AF23="","",ROUND(SUM($R23,$AE23,$AH23),2))),"",IF($AF23="","",ROUND(SUM($R23,$AE23,$AH23),2))) | AJ23: =IF(ISERROR(IF($AF23="","",VLOOKUP(AI23,TRANSMUTATION_TABLE,4,TRUE))),"",IF($AF23="","",VLOOKUP(AI23,TRANSMUTATION_TABLE,4,TRUE)))
A24: 13 | B24: ='INPUT DATA'!B24 | P24: =IF(COUNT($F24:$O24)=0,"",SUM($F24:$O24)) | Q24: =IF(ISERROR(IF($P24="","",ROUND(($P24/$P$10)*$Q$10,2))),"",IF($P24="","",ROUND(($P24/$P$10)*$Q$10,2))) | R24: =IF($Q24="","",ROUND($Q24*$R$10,2)) | AC24: =IF(COUNT($S24:$AB24)=0,"",SUM($S24:$AB24)) | AD24: =IF(ISERROR(IF($AC24="","",ROUND(($AC24/$AC$10)*$AD$10,2))),"",IF($AC24="","",ROUND(($AC24/$AC$10)*$AD$10,2))) | AE24: =IF($AD24="","",ROUND($AD24*$AE$10,2)) | AG24: =IF(ISERROR(IF($AF24="","",ROUND(($AF24/$AF$10)*$AG$10,2))),"",IF($AF24="","",ROUND(($AF24/$AF$10)*$AG$10,2))) | AH24: =IF($AG24="","",ROUND($AG24*$AH$10,2)) | AI24: =IF(ISERROR(IF($AF24="","",ROUND(SUM($R24,$AE24,$AH24),2))),"",IF($AF24="","",ROUND(SUM($R24,$AE24,$AH24),2))) | AJ24: =IF(ISERROR(IF($AF24="","",VLOOKUP(AI24,TRANSMUTATION_TABLE,4,TRUE))),"",IF($AF24="","",VLOOKUP(AI24,TRANSMUTATION_TABLE,4,TRUE)))
A25: 14 | B25: ='INPUT DATA'!B25 | P25: =IF(COUNT($F25:$O25)=0,"",SUM($F25:$O25)) | Q25: =IF(ISERROR(IF($P25="","",ROUND(($P25/$P$10)*$Q$10,2))),"",IF($P25="","",ROUND(($P25/$P$10)*$Q$10,2))) | R25: =IF($Q25="","",ROUND($Q25*$R$10,2)) | AC25: =IF(COUNT($S25:$AB25)=0,"",SUM($S25:$AB25)) | AD25: =IF(ISERROR(IF($AC25="","",ROUND(($AC25/$AC$10)*$AD$10,2))),"",IF($AC25="","",ROUND(($AC25/$AC$10)*$AD$10,2))) | AE25: =IF($AD25="","",ROUND($AD25*$AE$10,2)) | AG25: =IF(ISERROR(IF($AF25="","",ROUND(($AF25/$AF$10)*$AG$10,2))),"",IF($AF25="","",ROUND(($AF25/$AF$10)*$AG$10,2))) | AH25: =IF($AG25="","",ROUND($AG25*$AH$10,2)) | AI25: =IF(ISERROR(IF($AF25="","",ROUND(SUM($R25,$AE25,$AH25),2))),"",IF($AF25="","",ROUND(SUM($R25,$AE25,$AH25),2))) | AJ25: =IF(ISERROR(IF($AF25="","",VLOOKUP(AI25,TRANSMUTATION_TABLE,4,TRUE))),"",IF($AF25="","",VLOOKUP(AI25,TRANSMUTATION_TABLE,4,TRUE)))
A26: 15 | B26: ='INPUT DATA'!B26 | P26: =IF(COUNT($F26:$O26)=0,"",SUM($F26:$O26)) | Q26: =IF(ISERROR(IF($P26="","",ROUND(($P26/$P$10)*$Q$10,2))),"",IF($P26="","",ROUND(($P26/$P$10)*$Q$10,2))) | R26: =IF($Q26="","",ROUND($Q26*$R$10,2)) | AC26: =IF(COUNT($S26:$AB26)=0,"",SUM($S26:$AB26)) | AD26: =IF(ISERROR(IF($AC26="","",ROUND(($AC26/$AC$10)*$AD$10,2))),"",IF($AC26="","",ROUND(($AC26/$AC$10)*$AD$10,2))) | AE26: =IF($AD26="","",ROUND($AD26*$AE$10,2)) | AG26: =IF(ISERROR(IF($AF26="","",ROUND(($AF26/$AF$10)*$AG$10,2))),"",IF($AF26="","",ROUND(($AF26/$AF$10)*$AG$10,2))) | AH26: =IF($AG26="","",ROUND($AG26*$AH$10,2)) | AI26: =IF(ISERROR(IF($AF26="","",ROUND(SUM($R26,$AE26,$AH26),2))),"",IF($AF26="","",ROUND(SUM($R26,$AE26,$AH26),2))) | AJ26: =IF(ISERROR(IF($AF26="","",VLOOKUP(AI26,TRANSMUTATION_TABLE,4,TRUE))),"",IF($AF26="","",VLOOKUP(AI26,TRANSMUTATION_TABLE,4,TRUE)))
A27: 16 | B27: ='INPUT DATA'!B27 | P27: =IF(COUNT($F27:$O27)=0,"",SUM($F27:$O27)) | Q27: =IF(ISERROR(IF($P27="","",ROUND(($P27/$P$10)*$Q$10,2))),"",IF($P27="","",ROUND(($P27/$P$10)*$Q$10,2))) | R27: =IF($Q27="","",ROUND($Q27*$R$10,2)) | AC27: =IF(COUNT($S27:$AB27)=0,"",SUM($S27:$AB27)) | AD27: =IF(ISERROR(IF($AC27="","",ROUND(($AC27/$AC$10)*$AD$10,2))),"",IF($AC27="","",ROUND(($AC27/$AC$10)*$AD$10,2))) | AE27: =IF($AD27="","",ROUND($AD27*$AE$10,2)) | AG27: =IF(ISERROR(IF($AF27="","",ROUND(($AF27/$AF$10)*$AG$10,2))),"",IF($AF27="","",ROUND(($AF27/$AF$10)*$AG$10,2))) | AH27: =IF($AG27="","",ROUND($AG27*$AH$10,2)) | AI27: =IF(ISERROR(IF($AF27="","",ROUND(SUM($R27,$AE27,$AH27),2))),"",IF($AF27="","",ROUND(SUM($R27,$AE27,$AH27),2))) | AJ27: =IF(ISERROR(IF($AF27="","",VLOOKUP(AI27,TRANSMUTATION_TABLE,4,TRUE))),"",IF($AF27="","",VLOOKUP(AI27,TRANSMUTATION_TABLE,4,TRUE)))
A28: 17 | B28: ='INPUT DATA'!B28 | P28: =IF(COUNT($F28:$O28)=0,"",SUM($F28:$O28)) | Q28: =IF(ISERROR(IF($P28="","",ROUND(($P28/$P$10)*$Q$10,2))),"",IF($P28="","",ROUND(($P28/$P$10)*$Q$10,2))) | R28: =IF($Q28="","",ROUND($Q28*$R$10,2)) | AC28: =IF(COUNT($S28:$AB28)=0,"",SUM($S28:$AB28)) | AD28: =IF(ISERROR(IF($AC28="","",ROUND(($AC28/$AC$10)*$AD$10,2))),"",IF($AC28="","",ROUND(($AC28/$AC$10)*$AD$10,2))) | AE28: =IF($AD28="","",ROUND($AD28*$AE$10,2)) | AG28: =IF(ISERROR(IF($AF28="","",ROUND(($AF28/$AF$10)*$AG$10,2))),"",IF($AF28="","",ROUND(($AF28/$AF$10)*$AG$10,2))) | AH28: =IF($AG28="","",ROUND($AG28*$AH$10,2)) | AI28: =IF(ISERROR(IF($AF28="","",ROUND(SUM($R28,$AE28,$AH28),2))),"",IF($AF28="","",ROUND(SUM($R28,$AE28,$AH28),2))) | AJ28: =IF(ISERROR(IF($AF28="","",VLOOKUP(AI28,TRANSMUTATION_TABLE,4,TRUE))),"",IF($AF28="","",VLOOKUP(AI28,TRANSMUTATION_TABLE,4,TRUE)))
A29: 18 | B29: ='INPUT DATA'!B29 | P29: =IF(COUNT($F29:$O29)=0,"",SUM($F29:$O29)) | Q29: =IF(ISERROR(IF($P29="","",ROUND(($P29/$P$10)*$Q$10,2))),"",IF($P29="","",ROUND(($P29/$P$10)*$Q$10,2))) | R29: =IF($Q29="","",ROUND($Q29*$R$10,2)) | AC29: =IF(COUNT($S29:$AB29)=0,"",SUM($S29:$AB29)) | AD29: =IF(ISERROR(IF($AC29="","",ROUND(($AC29/$AC$10)*$AD$10,2))),"",IF($AC29="","",ROUND(($AC29/$AC$10)*$AD$10,2))) | AE29: =IF($AD29="","",ROUND($AD29*$AE$10,2)) | AG29: =IF(ISERROR(IF($AF29="","",ROUND(($AF29/$AF$10)*$AG$10,2))),"",IF($AF29="","",ROUND(($AF29/$AF$10)*$AG$10,2))) | AH29: =IF($AG29="","",ROUND($AG29*$AH$10,2)) | AI29: =IF(ISERROR(IF($AF29="","",ROUND(SUM($R29,$AE29,$AH29),2))),"",IF($AF29="","",ROUND(SUM($R29,$AE29,$AH29),2))) | AJ29: =IF(ISERROR(IF($AF29="","",VLOOKUP(AI29,TRANSMUTATION_TABLE,4,TRUE))),"",IF($AF29="","",VLOOKUP(AI29,TRANSMUTATION_TABLE,4,TRUE)))
A30: 19 | B30: ='INPUT DATA'!B30 | P30: =IF(COUNT($F30:$O30)=0,"",SUM($F30:$O30)) | Q30: =IF(ISERROR(IF($P30="","",ROUND(($P30/$P$10)*$Q$10,2))),"",IF($P30="","",ROUND(($P30/$P$10)*$Q$10,2))) | R30: =IF($Q30="","",ROUND($Q30*$R$10,2)) | AC30: =IF(COUNT($S30:$AB30)=0,"",SUM($S30:$AB30)) | AD30: =IF(ISERROR(IF($AC30="","",ROUND(($AC30/$AC$10)*$AD$10,2))),"",IF($AC30="","",ROUND(($AC30/$AC$10)*$AD$10,2))) | AE30: =IF($AD30="","",ROUND($AD30*$AE$10,2)) | AG30: =IF(ISERROR(IF($AF30="","",ROUND(($AF30/$AF$10)*$AG$10,2))),"",IF($AF30="","",ROUND(($AF30/$AF$10)*$AG$10,2))) | AH30: =IF($AG30="","",ROUND($AG30*$AH$10,2)) | AI30: =IF(ISERROR(IF($AF30="","",ROUND(SUM($R30,$AE30,$AH30),2))),"",IF($AF30="","",ROUND(SUM($R30,$AE30,$AH30),2))) | AJ30: =IF(ISERROR(IF($AF30="","",VLOOKUP(AI30,TRANSMUTATION_TABLE,4,TRUE))),"",IF($AF30="","",VLOOKUP(AI30,TRANSMUTATION_TABLE,4,TRUE)))
A31: 20 | B31: ='INPUT DATA'!B31 | P31: =IF(COUNT($F31:$O31)=0,"",SUM($F31:$O31)) | Q31: =IF(ISERROR(IF($P31="","",ROUND(($P31/$P$10)*$Q$10,2))),"",IF($P31="","",ROUND(($P31/$P$10)*$Q$10,2))) | R31: =IF($Q31="","",ROUND($Q31*$R$10,2)) | AC31: =IF(COUNT($S31:$AB31)=0,"",SUM($S31:$AB31)) | AD31: =IF(ISERROR(IF($AC31="","",ROUND(($AC31/$AC$10)*$AD$10,2))),"",IF($AC31="","",ROUND(($AC31/$AC$10)*$AD$10,2))) | AE31: =IF($AD31="","",ROUND($AD31*$AE$10,2)) | AG31: =IF(ISERROR(IF($AF31="","",ROUND(($AF31/$AF$10)*$AG$10,2))),"",IF($AF31="","",ROUND(($AF31/$AF$10)*$AG$10,2))) | AH31: =IF($AG31="","",ROUND($AG31*$AH$10,2)) | AI31: =IF(ISERROR(IF($AF31="","",ROUND(SUM($R31,$AE31,$AH31),2))),"",IF($AF31="","",ROUND(SUM($R31,$AE31,$AH31),2))) | AJ31: =IF(ISERROR(IF($AF31="","",VLOOKUP(AI31,TRANSMUTATION_TABLE,4,TRUE))),"",IF($AF31="","",VLOOKUP(AI31,TRANSMUTATION_TABLE,4,TRUE)))
A32: 21 | B32: ='INPUT DATA'!B32 | P32: =IF(COUNT($F32:$O32)=0,"",SUM($F32:$O32)) | Q32: =IF(ISERROR(IF($P32="","",ROUND(($P32/$P$10)*$Q$10,2))),"",IF($P32="","",ROUND(($P32/$P$10)*$Q$10,2))) | R32: =IF($Q32="","",ROUND($Q32*$R$10,2)) | AC32: =IF(COUNT($S32:$AB32)=0,"",SUM($S32:$AB32)) | AD32: =IF(ISERROR(IF($AC32="","",ROUND(($AC32/$AC$10)*$AD$10,2))),"",IF($AC32="","",ROUND(($AC32/$AC$10)*$AD$10,2))) | AE32: =IF($AD32="","",ROUND($AD32*$AE$10,2)) | AG32: =IF(ISERROR(IF($AF32="","",ROUND(($AF32/$AF$10)*$AG$10,2))),"",IF($AF32="","",ROUND(($AF32/$AF$10)*$AG$10,2))) | AH32: =IF($AG32="","",ROUND($AG32*$AH$10,2)) | AI32: =IF(ISERROR(IF($AF32="","",ROUND(SUM($R32,$AE32,$AH32),2))),"",IF($AF32="","",ROUND(SUM($R32,$AE32,$AH32),2))) | AJ32: =IF(ISERROR(IF($AF32="","",VLOOKUP(AI32,TRANSMUTATION_TABLE,4,TRUE))),"",IF($AF32="","",VLOOKUP(AI32,TRANSMUTATION_TABLE,4,TRUE)))
A33: 22 | B33: ='INPUT DATA'!B33 | P33: =IF(COUNT($F33:$O33)=0,"",SUM($F33:$O33)) | Q33: =IF(ISERROR(IF($P33="","",ROUND(($P33/$P$10)*$Q$10,2))),"",IF($P33="","",ROUND(($P33/$P$10)*$Q$10,2))) | R33: =IF($Q33="","",ROUND($Q33*$R$10,2)) | AC33: =IF(COUNT($S33:$AB33)=0,"",SUM($S33:$AB33)) | AD33: =IF(ISERROR(IF($AC33="","",ROUND(($AC33/$AC$10)*$AD$10,2))),"",IF($AC33="","",ROUND(($AC33/$AC$10)*$AD$10,2))) | AE33: =IF($AD33="","",ROUND($AD33*$AE$10,2)) | AG33: =IF(ISERROR(IF($AF33="","",ROUND(($AF33/$AF$10)*$AG$10,2))),"",IF($AF33="","",ROUND(($AF33/$AF$10)*$AG$10,2))) | AH33: =IF($AG33="","",ROUND($AG33*$AH$10,2)) | AI33: =IF(ISERROR(IF($AF33="","",ROUND(SUM($R33,$AE33,$AH33),2))),"",IF($AF33="","",ROUND(SUM($R33,$AE33,$AH33),2))) | AJ33: =IF(ISERROR(IF($AF33="","",VLOOKUP(AI33,TRANSMUTATION_TABLE,4,TRUE))),"",IF($AF33="","",VLOOKUP(AI33,TRANSMUTATION_TABLE,4,TRUE)))
A34: 23 | B34: ='INPUT DATA'!B34 | P34: =IF(COUNT($F34:$O34)=0,"",SUM($F34:$O34)) | Q34: =IF(ISERROR(IF($P34="","",ROUND(($P34/$P$10)*$Q$10,2))),"",IF($P34="","",ROUND(($P34/$P$10)*$Q$10,2))) | R34: =IF($Q34="","",ROUND($Q34*$R$10,2)) | AC34: =IF(COUNT($S34:$AB34)=0,"",SUM($S34:$AB34)) | AD34: =IF(ISERROR(IF($AC34="","",ROUND(($AC34/$AC$10)*$AD$10,2))),"",IF($AC34="","",ROUND(($AC34/$AC$10)*$AD$10,2))) | AE34: =IF($AD34="","",ROUND($AD34*$AE$10,2)) | AG34: =IF(ISERROR(IF($AF34="","",ROUND(($AF34/$AF$10)*$AG$10,2))),"",IF($AF34="","",ROUND(($AF34/$AF$10)*$AG$10,2))) | AH34: =IF($AG34="","",ROUND($AG34*$AH$10,2)) | AI34: =IF(ISERROR(IF($AF34="","",ROUND(SUM($R34,$AE34,$AH34),2))),"",IF($AF34="","",ROUND(SUM($R34,$AE34,$AH34),2))) | AJ34: =IF(ISERROR(IF($AF34="","",VLOOKUP(AI34,TRANSMUTATION_TABLE,4,TRUE))),"",IF($AF34="","",VLOOKUP(AI34,TRANSMUTATION_TABLE,4,TRUE)))
... A61: 50 | B61: ='INPUT DATA'!B61 | P61: =IF(COUNT($F61:$O61)=0,"",SUM($F61:$O61)) | Q61: =IF(ISERROR(IF($P61="","",ROUND(($P61/$P$10)*$Q$10,2))),"",IF($P61="","",ROUND(($P61/$P$10)*$Q$10,2))) | R61: =IF($Q61="","",ROUND($Q61*$R$10,2)) | AC61: =IF(COUNT($S61:$AB61)=0,"",SUM($S61:$AB61)) | AD61: =IF(ISERROR(IF($AC61="","",ROUND(($AC61/$AC$10)*$AD$10,2))),"",IF($AC61="","",ROUND(($AC61/$AC$10)*$AD$10,2))) | AE61: =IF($AD61="","",ROUND($AD61*$AE$10,2)) | AG61: =IF(ISERROR(IF($AF61="","",ROUND(($AF61/$AF$10)*$AG$10,2))),"",IF($AF61="","",ROUND(($AF61/$AF$10)*$AG$10,2))) | AH61: =IF($AG61="","",ROUND($AG61*$AH$10,2)) | AI61: =IF(ISERROR(IF($AF61="","",ROUND(SUM($R61,$AE61,$AH61),2))),"",IF($AF61="","",ROUND(SUM($R61,$AE61,$AH61),2))) | AJ61: =IF(ISERROR(IF($AF61="","",VLOOKUP(AI61,TRANSMUTATION_TABLE,4,TRUE))),"",IF($AF61="","",VLOOKUP(AI61,TRANSMUTATION_TABLE,4,TRUE)))
B62: FEMALE
A63: 1 | B63: Jeffrey Cruel | P63: =IF(COUNT($F63:$O63)=0,"",SUM($F63:$O63)) | Q63: =IF(ISERROR(IF($P63="","",ROUND(($P63/SUMIF($F63:$O63,"<>",$F$10:$O$10))*100,2))),"",IF($P63="","",ROUND(($P63/SUMIF($F63:$O63,"<>",$F$10:$O$10))*100,2))) | R63: =IF($Q63="","",ROUND($Q63*$R$10,2)) | AC63: =IF(COUNT($S63:$AB63)=0,"",SUM($S63:$AB63)) | AD63: =IF(ISERROR(IF($AC63="","",ROUND(($AC63/SUMIF($S63:$AB63,"<>",$S$10:$AB$10))*100,2))),"",IF($AC63="","",ROUND(($AC63/SUMIF($S63:$AB63,"<>",$S$10:$AB$10))*100,2))) | AE63: =IF($AD63="","",ROUND($AD63*$AE$10,2)) | AG63: =IF(ISERROR(IF($AF63="","",ROUND(($AF63/$AF$10)*$AG$10,2))),"",IF($AF63="","",ROUND(($AF63/$AF$10)*$AG$10,2))) | AH63: =IF($AG63="","",ROUND($AG63*$AH$10,2)) | AI63: =IF(ISERROR(IF($AF63="","",ROUND(SUM($R63,$AE63,$AH63),2))),"",IF($AF63="","",ROUND(SUM($R63,$AE63,$AH63),2))) | AJ63: =IF(ISERROR(IF($AF63="","",VLOOKUP(AI63,TRANSMUTATION_TABLE,4,TRUE))),"",IF($AF63="","",VLOOKUP(AI63,TRANSMUTATION_TABLE,4,TRUE)))
A64: 2 | B64: ='INPUT DATA'!B64 | P64: =IF(COUNT($F64:$O64)=0,"",SUM($F64:$O64)) | Q64: =IF(ISERROR(IF($P64="","",ROUND(($P64/$P$10)*$Q$10,2))),"",IF($P64="","",ROUND(($P64/$P$10)*$Q$10,2))) | R64: =IF($Q64="","",ROUND($Q64*$R$10,2)) | AC64: =IF(COUNT($S64:$AB64)=0,"",SUM($S64:$AB64)) | AD64: =IF(ISERROR(IF($AC64="","",ROUND(($AC64/$AC$10)*$AD$10,2))),"",IF($AC64="","",ROUND(($AC64/$AC$10)*$AD$10,2))) | AE64: =IF($AD64="","",ROUND($AD64*$AE$10,2)) | AG64: =IF(ISERROR(IF($AF64="","",ROUND(($AF64/$AF$10)*$AG$10,2))),"",IF($AF64="","",ROUND(($AF64/$AF$10)*$AG$10,2))) | AH64: =IF($AG64="","",ROUND($AG64*$AH$10,2)) | AI64: =IF(ISERROR(IF($AF64="","",ROUND(SUM($R64,$AE64,$AH64),2))),"",IF($AF64="","",ROUND(SUM($R64,$AE64,$AH64),2))) | AJ64: =IF(ISERROR(IF($AF64="","",VLOOKUP(AI64,TRANSMUTATION_TABLE,4,TRUE))),"",IF($AF64="","",VLOOKUP(AI64,TRANSMUTATION_TABLE,4,TRUE)))
A65: 3 | B65: ='INPUT DATA'!B65 | P65: =IF(COUNT($F65:$O65)=0,"",SUM($F65:$O65)) | Q65: =IF(ISERROR(IF($P65="","",ROUND(($P65/$P$10)*$Q$10,2))),"",IF($P65="","",ROUND(($P65/$P$10)*$Q$10,2))) | R65: =IF($Q65="","",ROUND($Q65*$R$10,2)) | AC65: =IF(COUNT($S65:$AB65)=0,"",SUM($S65:$AB65)) | AD65: =IF(ISERROR(IF($AC65="","",ROUND(($AC65/$AC$10)*$AD$10,2))),"",IF($AC65="","",ROUND(($AC65/$AC$10)*$AD$10,2))) | AE65: =IF($AD65="","",ROUND($AD65*$AE$10,2)) | AG65: =IF(ISERROR(IF($AF65="","",ROUND(($AF65/$AF$10)*$AG$10,2))),"",IF($AF65="","",ROUND(($AF65/$AF$10)*$AG$10,2))) | AH65: =IF($AG65="","",ROUND($AG65*$AH$10,2)) | AI65: =IF(ISERROR(IF($AF65="","",ROUND(SUM($R65,$AE65,$AH65),2))),"",IF($AF65="","",ROUND(SUM($R65,$AE65,$AH65),2))) | AJ65: =IF(ISERROR(IF($AF65="","",VLOOKUP(AI65,TRANSMUTATION_TABLE,4,TRUE))),"",IF($AF65="","",VLOOKUP(AI65,TRANSMUTATION_TABLE,4,TRUE)))
A66: 4 | B66: ='INPUT DATA'!B66 | P66: =IF(COUNT($F66:$O66)=0,"",SUM($F66:$O66)) | Q66: =IF(ISERROR(IF($P66="","",ROUND(($P66/$P$10)*$Q$10,2))),"",IF($P66="","",ROUND(($P66/$P$10)*$Q$10,2))) | R66: =IF($Q66="","",ROUND($Q66*$R$10,2)) | AC66: =IF(COUNT($S66:$AB66)=0,"",SUM($S66:$AB66)) | AD66: =IF(ISERROR(IF($AC66="","",ROUND(($AC66/$AC$10)*$AD$10,2))),"",IF($AC66="","",ROUND(($AC66/$AC$10)*$AD$10,2))) | AE66: =IF($AD66="","",ROUND($AD66*$AE$10,2)) | AG66: =IF(ISERROR(IF($AF66="","",ROUND(($AF66/$AF$10)*$AG$10,2))),"",IF($AF66="","",ROUND(($AF66/$AF$10)*$AG$10,2))) | AH66: =IF($AG66="","",ROUND($AG66*$AH$10,2)) | AI66: =IF(ISERROR(IF($AF66="","",ROUND(SUM($R66,$AE66,$AH66),2))),"",IF($AF66="","",ROUND(SUM($R66,$AE66,$AH66),2))) | AJ66: =IF(ISERROR(IF($AF66="","",VLOOKUP(AI66,TRANSMUTATION_TABLE,4,TRUE))),"",IF($AF66="","",VLOOKUP(AI66,TRANSMUTATION_TABLE,4,TRUE)))
A67: 5 | B67: ='INPUT DATA'!B67 | P67: =IF(COUNT($F67:$O67)=0,"",SUM($F67:$O67)) | Q67: =IF(ISERROR(IF($P67="","",ROUND(($P67/$P$10)*$Q$10,2))),"",IF($P67="","",ROUND(($P67/$P$10)*$Q$10,2))) | R67: =IF($Q67="","",ROUND($Q67*$R$10,2)) | AC67: =IF(COUNT($S67:$AB67)=0,"",SUM($S67:$AB67)) | AD67: =IF(ISERROR(IF($AC67="","",ROUND(($AC67/$AC$10)*$AD$10,2))),"",IF($AC67="","",ROUND(($AC67/$AC$10)*$AD$10,2))) | AE67: =IF($AD67="","",ROUND($AD67*$AE$10,2)) | AG67: =IF(ISERROR(IF($AF67="","",ROUND(($AF67/$AF$10)*$AG$10,2))),"",IF($AF67="","",ROUND(($AF67/$AF$10)*$AG$10,2))) | AH67: =IF($AG67="","",ROUND($AG67*$AH$10,2)) | AI67: =IF(ISERROR(IF($AF67="","",ROUND(SUM($R67,$AE67,$AH67),2))),"",IF($AF67="","",ROUND(SUM($R67,$AE67,$AH67),2))) | AJ67: =IF(ISERROR(IF($AF67="","",VLOOKUP(AI67,TRANSMUTATION_TABLE,4,TRUE))),"",IF($AF67="","",VLOOKUP(AI67,TRANSMUTATION_TABLE,4,TRUE)))
A68: 6 | B68: ='INPUT DATA'!B68 | P68: =IF(COUNT($F68:$O68)=0,"",SUM($F68:$O68)) | Q68: =IF(ISERROR(IF($P68="","",ROUND(($P68/$P$10)*$Q$10,2))),"",IF($P68="","",ROUND(($P68/$P$10)*$Q$10,2))) | R68: =IF($Q68="","",ROUND($Q68*$R$10,2)) | AC68: =IF(COUNT($S68:$AB68)=0,"",SUM($S68:$AB68)) | AD68: =IF(ISERROR(IF($AC68="","",ROUND(($AC68/$AC$10)*$AD$10,2))),"",IF($AC68="","",ROUND(($AC68/$AC$10)*$AD$10,2))) | AE68: =IF($AD68="","",ROUND($AD68*$AE$10,2)) | AG68: =IF(ISERROR(IF($AF68="","",ROUND(($AF68/$AF$10)*$AG$10,2))),"",IF($AF68="","",ROUND(($AF68/$AF$10)*$AG$10,2))) | AH68: =IF($AG68="","",ROUND($AG68*$AH$10,2)) | AI68: =IF(ISERROR(IF($AF68="","",ROUND(SUM($R68,$AE68,$AH68),2))),"",IF($AF68="","",ROUND(SUM($R68,$AE68,$AH68),2))) | AJ68: =IF(ISERROR(IF($AF68="","",VLOOKUP(AI68,TRANSMUTATION_TABLE,4,TRUE))),"",IF($AF68="","",VLOOKUP(AI68,TRANSMUTATION_TABLE,4,TRUE)))
A69: 7 | B69: ='INPUT DATA'!B69 | P69: =IF(COUNT($F69:$O69)=0,"",SUM($F69:$O69)) | Q69: =IF(ISERROR(IF($P69="","",ROUND(($P69/$P$10)*$Q$10,2))),"",IF($P69="","",ROUND(($P69/$P$10)*$Q$10,2))) | R69: =IF($Q69="","",ROUND($Q69*$R$10,2)) | AC69: =IF(COUNT($S69:$AB69)=0,"",SUM($S69:$AB69)) | AD69: =IF(ISERROR(IF($AC69="","",ROUND(($AC69/$AC$10)*$AD$10,2))),"",IF($AC69="","",ROUND(($AC69/$AC$10)*$AD$10,2))) | AE69: =IF($AD69="","",ROUND($AD69*$AE$10,2)) | AG69: =IF(ISERROR(IF($AF69="","",ROUND(($AF69/$AF$10)*$AG$10,2))),"",IF($AF69="","",ROUND(($AF69/$AF$10)*$AG$10,2))) | AH69: =IF($AG69="","",ROUND($AG69*$AH$10,2)) | AI69: =IF(ISERROR(IF($AF69="","",ROUND(SUM($R69,$AE69,$AH69),2))),"",IF($AF69="","",ROUND(SUM($R69,$AE69,$AH69),2))) | AJ69: =IF(ISERROR(IF($AF69="","",VLOOKUP(AI69,TRANSMUTATION_TABLE,4,TRUE))),"",IF($AF69="","",VLOOKUP(AI69,TRANSMUTATION_TABLE,4,TRUE)))
A70: 8 | B70: ='INPUT DATA'!B70 | P70: =IF(COUNT($F70:$O70)=0,"",SUM($F70:$O70)) | Q70: =IF(ISERROR(IF($P70="","",ROUND(($P70/$P$10)*$Q$10,2))),"",IF($P70="","",ROUND(($P70/$P$10)*$Q$10,2))) | R70: =IF($Q70="","",ROUND($Q70*$R$10,2)) | AC70: =IF(COUNT($S70:$AB70)=0,"",SUM($S70:$AB70)) | AD70: =IF(ISERROR(IF($AC70="","",ROUND(($AC70/$AC$10)*$AD$10,2))),"",IF($AC70="","",ROUND(($AC70/$AC$10)*$AD$10,2))) | AE70: =IF($AD70="","",ROUND($AD70*$AE$10,2)) | AG70: =IF(ISERROR(IF($AF70="","",ROUND(($AF70/$AF$10)*$AG$10,2))),"",IF($AF70="","",ROUND(($AF70/$AF$10)*$AG$10,2))) | AH70: =IF($AG70="","",ROUND($AG70*$AH$10,2)) | AI70: =IF(ISERROR(IF($AF70="","",ROUND(SUM($R70,$AE70,$AH70),2))),"",IF($AF70="","",ROUND(SUM($R70,$AE70,$AH70),2))) | AJ70: =IF(ISERROR(IF($AF70="","",VLOOKUP(AI70,TRANSMUTATION_TABLE,4,TRUE))),"",IF($AF70="","",VLOOKUP(AI70,TRANSMUTATION_TABLE,4,TRUE)))
A71: 9 | B71: ='INPUT DATA'!B71 | P71: =IF(COUNT($F71:$O71)=0,"",SUM($F71:$O71)) | Q71: =IF(ISERROR(IF($P71="","",ROUND(($P71/$P$10)*$Q$10,2))),"",IF($P71="","",ROUND(($P71/$P$10)*$Q$10,2))) | R71: =IF($Q71="","",ROUND($Q71*$R$10,2)) | AC71: =IF(COUNT($S71:$AB71)=0,"",SUM($S71:$AB71)) | AD71: =IF(ISERROR(IF($AC71="","",ROUND(($AC71/$AC$10)*$AD$10,2))),"",IF($AC71="","",ROUND(($AC71/$AC$10)*$AD$10,2))) | AE71: =IF($AD71="","",ROUND($AD71*$AE$10,2)) | AG71: =IF(ISERROR(IF($AF71="","",ROUND(($AF71/$AF$10)*$AG$10,2))),"",IF($AF71="","",ROUND(($AF71/$AF$10)*$AG$10,2))) | AH71: =IF($AG71="","",ROUND($AG71*$AH$10,2)) | AI71: =IF(ISERROR(IF($AF71="","",ROUND(SUM($R71,$AE71,$AH71),2))),"",IF($AF71="","",ROUND(SUM($R71,$AE71,$AH71),2))) | AJ71: =IF(ISERROR(IF($AF71="","",VLOOKUP(AI71,TRANSMUTATION_TABLE,4,TRUE))),"",IF($AF71="","",VLOOKUP(AI71,TRANSMUTATION_TABLE,4,TRUE)))
A72: 10 | B72: ='INPUT DATA'!B72 | P72: =IF(COUNT($F72:$O72)=0,"",SUM($F72:$O72)) | Q72: =IF(ISERROR(IF($P72="","",ROUND(($P72/$P$10)*$Q$10,2))),"",IF($P72="","",ROUND(($P72/$P$10)*$Q$10,2))) | R72: =IF($Q72="","",ROUND($Q72*$R$10,2)) | AC72: =IF(COUNT($S72:$AB72)=0,"",SUM($S72:$AB72)) | AD72: =IF(ISERROR(IF($AC72="","",ROUND(($AC72/$AC$10)*$AD$10,2))),"",IF($AC72="","",ROUND(($AC72/$AC$10)*$AD$10,2))) | AE72: =IF($AD72="","",ROUND($AD72*$AE$10,2)) | AG72: =IF(ISERROR(IF($AF72="","",ROUND(($AF72/$AF$10)*$AG$10,2))),"",IF($AF72="","",ROUND(($AF72/$AF$10)*$AG$10,2))) | AH72: =IF($AG72="","",ROUND($AG72*$AH$10,2)) | AI72: =IF(ISERROR(IF($AF72="","",ROUND(SUM($R72,$AE72,$AH72),2))),"",IF($AF72="","",ROUND(SUM($R72,$AE72,$AH72),2))) | AJ72: =IF(ISERROR(IF($AF72="","",VLOOKUP(AI72,TRANSMUTATION_TABLE,4,TRUE))),"",IF($AF72="","",VLOOKUP(AI72,TRANSMUTATION_TABLE,4,TRUE)))
A73: 11 | B73: ='INPUT DATA'!B73 | P73: =IF(COUNT($F73:$O73)=0,"",SUM($F73:$O73)) | Q73: =IF(ISERROR(IF($P73="","",ROUND(($P73/$P$10)*$Q$10,2))),"",IF($P73="","",ROUND(($P73/$P$10)*$Q$10,2))) | R73: =IF($Q73="","",ROUND($Q73*$R$10,2)) | AC73: =IF(COUNT($S73:$AB73)=0,"",SUM($S73:$AB73)) | AD73: =IF(ISERROR(IF($AC73="","",ROUND(($AC73/$AC$10)*$AD$10,2))),"",IF($AC73="","",ROUND(($AC73/$AC$10)*$AD$10,2))) | AE73: =IF($AD73="","",ROUND($AD73*$AE$10,2)) | AG73: =IF(ISERROR(IF($AF73="","",ROUND(($AF73/$AF$10)*$AG$10,2))),"",IF($AF73="","",ROUND(($AF73/$AF$10)*$AG$10,2))) | AH73: =IF($AG73="","",ROUND($AG73*$AH$10,2)) | AI73: =IF(ISERROR(IF($AF73="","",ROUND(SUM($R73,$AE73,$AH73),2))),"",IF($AF73="","",ROUND(SUM($R73,$AE73,$AH73),2))) | AJ73: =IF(ISERROR(IF($AF73="","",VLOOKUP(AI73,TRANSMUTATION_TABLE,4,TRUE))),"",IF($AF73="","",VLOOKUP(AI73,TRANSMUTATION_TABLE,4,TRUE)))
A74: 12 | B74: ='INPUT DATA'!B74 | P74: =IF(COUNT($F74:$O74)=0,"",SUM($F74:$O74)) | Q74: =IF(ISERROR(IF($P74="","",ROUND(($P74/$P$10)*$Q$10,2))),"",IF($P74="","",ROUND(($P74/$P$10)*$Q$10,2))) | R74: =IF($Q74="","",ROUND($Q74*$R$10,2)) | AC74: =IF(COUNT($S74:$AB74)=0,"",SUM($S74:$AB74)) | AD74: =IF(ISERROR(IF($AC74="","",ROUND(($AC74/$AC$10)*$AD$10,2))),"",IF($AC74="","",ROUND(($AC74/$AC$10)*$AD$10,2))) | AE74: =IF($AD74="","",ROUND($AD74*$AE$10,2)) | AG74: =IF(ISERROR(IF($AF74="","",ROUND(($AF74/$AF$10)*$AG$10,2))),"",IF($AF74="","",ROUND(($AF74/$AF$10)*$AG$10,2))) | AH74: =IF($AG74="","",ROUND($AG74*$AH$10,2)) | AI74: =IF(ISERROR(IF($AF74="","",ROUND(SUM($R74,$AE74,$AH74),2))),"",IF($AF74="","",ROUND(SUM($R74,$AE74,$AH74),2))) | AJ74: =IF(ISERROR(IF($AF74="","",VLOOKUP(AI74,TRANSMUTATION_TABLE,4,TRUE))),"",IF($AF74="","",VLOOKUP(AI74,TRANSMUTATION_TABLE,4,TRUE)))
A75: 13 | B75: ='INPUT DATA'!B75 | P75: =IF(COUNT($F75:$O75)=0,"",SUM($F75:$O75)) | Q75: =IF(ISERROR(IF($P75="","",ROUND(($P75/$P$10)*$Q$10,2))),"",IF($P75="","",ROUND(($P75/$P$10)*$Q$10,2))) | R75: =IF($Q75="","",ROUND($Q75*$R$10,2)) | AC75: =IF(COUNT($S75:$AB75)=0,"",SUM($S75:$AB75)) | AD75: =IF(ISERROR(IF($AC75="","",ROUND(($AC75/$AC$10)*$AD$10,2))),"",IF($AC75="","",ROUND(($AC75/$AC$10)*$AD$10,2))) | AE75: =IF($AD75="","",ROUND($AD75*$AE$10,2)) | AG75: =IF(ISERROR(IF($AF75="","",ROUND(($AF75/$AF$10)*$AG$10,2))),"",IF($AF75="","",ROUND(($AF75/$AF$10)*$AG$10,2))) | AH75: =IF($AG75="","",ROUND($AG75*$AH$10,2)) | AI75: =IF(ISERROR(IF($AF75="","",ROUND(SUM($R75,$AE75,$AH75),2))),"",IF($AF75="","",ROUND(SUM($R75,$AE75,$AH75),2))) | AJ75: =IF(ISERROR(IF($AF75="","",VLOOKUP(AI75,TRANSMUTATION_TABLE,4,TRUE))),"",IF($AF75="","",VLOOKUP(AI75,TRANSMUTATION_TABLE,4,TRUE)))
... A112: 50 | B112: ='INPUT DATA'!B112 | P112: =IF(COUNT($F112:$O112)=0,"",SUM($F112:$O112)) | Q112: =IF(ISERROR(IF($P112="","",ROUND(($P112/$P$10)*$Q$10,2))),"",IF($P112="","",ROUND(($P112/$P$10)*$Q$10,2))) | R112: =IF($Q112="","",ROUND($Q112*$R$10,2)) | AC112: =IF(COUNT($S112:$AB112)=0,"",SUM($S112:$AB112)) | AD112: =IF(ISERROR(IF($AC112="","",ROUND(($AC112/$AC$10)*$AD$10,2))),"",IF($AC112="","",ROUND(($AC112/$AC$10)*$AD$10,2))) | AE112: =IF($AD112="","",ROUND($AD112*$AE$10,2)) | AG112: =IF(ISERROR(IF($AF112="","",ROUND(($AF112/$AF$10)*$AG$10,2))),"",IF($AF112="","",ROUND(($AF112/$AF$10)*$AG$10,2))) | AH112: =IF($AG112="","",ROUND($AG112*$AH$10,2)) | AI112: =IF(ISERROR(IF($AF112="","",ROUND(SUM($R112,$AE112,$AH112),2))),"",IF($AF112="","",ROUND(SUM($R112,$AE112,$AH112),2))) | AJ112: =IF(ISERROR(IF($AF112="","",VLOOKUP(AI112,TRANSMUTATION_TABLE,4,TRUE))),"",IF($AF112="","",VLOOKUP(AI112,TRANSMUTATION_TABLE,4,TRUE)))

Sheet PE_Q4
A1: Class Record
A3: (Pursuant to Deped Order 8 series of 2015)
C4: REGION | G4: V | L4: DIVISION | O4: V
B5: SCHOOL NAME | G5: San Jose National High School | T5: SCHOOL ID | X5: 301874 | AD5: SCHOOL YEAR | AG5: 2027-2028
A7: FOURTH QUARTER | F7: GRADE & SECTION: | K7: Grade 7 - Jose | Q7: TEACHER: | S7: System Administrator | AC7: SUBJECT: | AG7: PHYSICAL EDUCATION
B8: LEARNERS' NAMES | F8: WRITTEN WORKS (20%) | S8: PERFORMANCE TASKS (60%) | AF8: QUARTERLY ASSESSMENT (20%) | AI8: Initial | AJ8: Quarterly
F9: 1 | G9: 2 | H9: 3 | I9: 4 | J9: 5 | K9: 6 | L9: 7 | M9: 8 | N9: 9 | O9: 10 | P9: Total | Q9: PS | R9: WS | S9: 1 | T9: 2 | U9: 3 | V9: 4 | W9: 5 | X9: 6 | Y9: 7 | Z9: 8 | AA9: 9 | AB9: 10 | AC9: Total | AD9: PS | AE9: WS | AF9: 1 | AG9: PS | AH9: WS | AI9: Grade | AJ9: Grade
B10: HIGHEST POSSIBLE SCORE | P10: =IF(COUNT($F10:$O10)=0,"",SUM($F10:$O10)) | Q10: 100 | R10: 0.2 | AC10: =IF(COUNT($S10:$AB10)=0,"",SUM($S10:$AB10)) | AD10: 100 | AE10: 0.6 | AG10: 100 | AH10: 0.2
B11: MALE
A12: 1 | B12: Baterbornia, Rene | P12: =IF(COUNT($F12:$O12)=0,"",SUM($F12:$O12)) | Q12: =IF(ISERROR(IF($P12="","",ROUND(($P12/SUMIF($F12:$O12,"<>",$F$10:$O$10))*100,2))),"",IF($P12="","",ROUND(($P12/SUMIF($F12:$O12,"<>",$F$10:$O$10))*100,2))) | R12: =IF($Q12="","",ROUND($Q12*$R$10,2)) | AC12: =IF(COUNT($S12:$AB12)=0,"",SUM($S12:$AB12)) | AD12: =IF(ISERROR(IF($AC12="","",ROUND(($AC12/SUMIF($S12:$AB12,"<>",$S$10:$AB$10))*100,2))),"",IF($AC12="","",ROUND(($AC12/SUMIF($S12:$AB12,"<>",$S$10:$AB$10))*100,2))) | AE12: =IF($AD12="","",ROUND($AD12*$AE$10,2)) | AG12: =IF(ISERROR(IF($AF12="","",ROUND(($AF12/$AF$10)*$AG$10,2))),"",IF($AF12="","",ROUND(($AF12/$AF$10)*$AG$10,2))) | AH12: =IF($AG12="","",ROUND($AG12*$AH$10,2)) | AI12: =IF(ISERROR(IF($AF12="","",ROUND(SUM($R12,$AE12,$AH12),2))),"",IF($AF12="","",ROUND(SUM($R12,$AE12,$AH12),2))) | AJ12: =IF(ISERROR(IF($AF12="","",VLOOKUP(AI12,TRANSMUTATION_TABLE,4,TRUE))),"",IF($AF12="","",VLOOKUP(AI12,TRANSMUTATION_TABLE,4,TRUE)))
A13: 2 | B13: ='INPUT DATA'!B13 | P13: =IF(COUNT($F13:$O13)=0,"",SUM($F13:$O13)) | Q13: =IF(ISERROR(IF($P13="","",ROUND(($P13/$P$10)*$Q$10,2))),"",IF($P13="","",ROUND(($P13/$P$10)*$Q$10,2))) | R13: =IF($Q13="","",ROUND($Q13*$R$10,2)) | AC13: =IF(COUNT($S13:$AB13)=0,"",SUM($S13:$AB13)) | AD13: =IF(ISERROR(IF($AC13="","",ROUND(($AC13/$AC$10)*$AD$10,2))),"",IF($AC13="","",ROUND(($AC13/$AC$10)*$AD$10,2))) | AE13: =IF($AD13="","",ROUND($AD13*$AE$10,2)) | AG13: =IF(ISERROR(IF($AF13="","",ROUND(($AF13/$AF$10)*$AG$10,2))),"",IF($AF13="","",ROUND(($AF13/$AF$10)*$AG$10,2))) | AH13: =IF($AG13="","",ROUND($AG13*$AH$10,2)) | AI13: =IF(ISERROR(IF($AF13="","",ROUND(SUM($R13,$AE13,$AH13),2))),"",IF($AF13="","",ROUND(SUM($R13,$AE13,$AH13),2))) | AJ13: =IF(ISERROR(IF($AF13="","",VLOOKUP(AI13,TRANSMUTATION_TABLE,4,TRUE))),"",IF($AF13="","",VLOOKUP(AI13,TRANSMUTATION_TABLE,4,TRUE)))
A14: 3 | B14: ='INPUT DATA'!B14 | P14: =IF(COUNT($F14:$O14)=0,"",SUM($F14:$O14)) | Q14: =IF(ISERROR(IF($P14="","",ROUND(($P14/$P$10)*$Q$10,2))),"",IF($P14="","",ROUND(($P14/$P$10)*$Q$10,2))) | R14: =IF($Q14="","",ROUND($Q14*$R$10,2)) | AC14: =IF(COUNT($S14:$AB14)=0,"",SUM($S14:$AB14)) | AD14: =IF(ISERROR(IF($AC14="","",ROUND(($AC14/$AC$10)*$AD$10,2))),"",IF($AC14="","",ROUND(($AC14/$AC$10)*$AD$10,2))) | AE14: =IF($AD14="","",ROUND($AD14*$AE$10,2)) | AG14: =IF(ISERROR(IF($AF14="","",ROUND(($AF14/$AF$10)*$AG$10,2))),"",IF($AF14="","",ROUND(($AF14/$AF$10)*$AG$10,2))) | AH14: =IF($AG14="","",ROUND($AG14*$AH$10,2)) | AI14: =IF(ISERROR(IF($AF14="","",ROUND(SUM($R14,$AE14,$AH14),2))),"",IF($AF14="","",ROUND(SUM($R14,$AE14,$AH14),2))) | AJ14: =IF(ISERROR(IF($AF14="","",VLOOKUP(AI14,TRANSMUTATION_TABLE,4,TRUE))),"",IF($AF14="","",VLOOKUP(AI14,TRANSMUTATION_TABLE,4,TRUE)))
A15: 4 | B15: ='INPUT DATA'!B15 | P15: =IF(COUNT($F15:$O15)=0,"",SUM($F15:$O15)) | Q15: =IF(ISERROR(IF($P15="","",ROUND(($P15/$P$10)*$Q$10,2))),"",IF($P15="","",ROUND(($P15/$P$10)*$Q$10,2))) | R15: =IF($Q15="","",ROUND($Q15*$R$10,2)) | AC15: =IF(COUNT($S15:$AB15)=0,"",SUM($S15:$AB15)) | AD15: =IF(ISERROR(IF($AC15="","",ROUND(($AC15/$AC$10)*$AD$10,2))),"",IF($AC15="","",ROUND(($AC15/$AC$10)*$AD$10,2))) | AE15: =IF($AD15="","",ROUND($AD15*$AE$10,2)) | AG15: =IF(ISERROR(IF($AF15="","",ROUND(($AF15/$AF$10)*$AG$10,2))),"",IF($AF15="","",ROUND(($AF15/$AF$10)*$AG$10,2))) | AH15: =IF($AG15="","",ROUND($AG15*$AH$10,2)) | AI15: =IF(ISERROR(IF($AF15="","",ROUND(SUM($R15,$AE15,$AH15),2))),"",IF($AF15="","",ROUND(SUM($R15,$AE15,$AH15),2))) | AJ15: =IF(ISERROR(IF($AF15="","",VLOOKUP(AI15,TRANSMUTATION_TABLE,4,TRUE))),"",IF($AF15="","",VLOOKUP(AI15,TRANSMUTATION_TABLE,4,TRUE)))
A16: 5 | B16: ='INPUT DATA'!B16 | P16: =IF(COUNT($F16:$O16)=0,"",SUM($F16:$O16)) | Q16: =IF(ISERROR(IF($P16="","",ROUND(($P16/$P$10)*$Q$10,2))),"",IF($P16="","",ROUND(($P16/$P$10)*$Q$10,2))) | R16: =IF($Q16="","",ROUND($Q16*$R$10,2)) | AC16: =IF(COUNT($S16:$AB16)=0,"",SUM($S16:$AB16)) | AD16: =IF(ISERROR(IF($AC16="","",ROUND(($AC16/$AC$10)*$AD$10,2))),"",IF($AC16="","",ROUND(($AC16/$AC$10)*$AD$10,2))) | AE16: =IF($AD16="","",ROUND($AD16*$AE$10,2)) | AG16: =IF(ISERROR(IF($AF16="","",ROUND(($AF16/$AF$10)*$AG$10,2))),"",IF($AF16="","",ROUND(($AF16/$AF$10)*$AG$10,2))) | AH16: =IF($AG16="","",ROUND($AG16*$AH$10,2)) | AI16: =IF(ISERROR(IF($AF16="","",ROUND(SUM($R16,$AE16,$AH16),2))),"",IF($AF16="","",ROUND(SUM($R16,$AE16,$AH16),2))) | AJ16: =IF(ISERROR(IF($AF16="","",VLOOKUP(AI16,TRANSMUTATION_TABLE,4,TRUE))),"",IF($AF16="","",VLOOKUP(AI16,TRANSMUTATION_TABLE,4,TRUE)))
A17: 6 | B17: ='INPUT DATA'!B17 | P17: =IF(COUNT($F17:$O17)=0,"",SUM($F17:$O17)) | Q17: =IF(ISERROR(IF($P17="","",ROUND(($P17/$P$10)*$Q$10,2))),"",IF($P17="","",ROUND(($P17/$P$10)*$Q$10,2))) | R17: =IF($Q17="","",ROUND($Q17*$R$10,2)) | AC17: =IF(COUNT($S17:$AB17)=0,"",SUM($S17:$AB17)) | AD17: =IF(ISERROR(IF($AC17="","",ROUND(($AC17/$AC$10)*$AD$10,2))),"",IF($AC17="","",ROUND(($AC17/$AC$10)*$AD$10,2))) | AE17: =IF($AD17="","",ROUND($AD17*$AE$10,2)) | AG17: =IF(ISERROR(IF($AF17="","",ROUND(($AF17/$AF$10)*$AG$10,2))),"",IF($AF17="","",ROUND(($AF17/$AF$10)*$AG$10,2))) | AH17: =IF($AG17="","",ROUND($AG17*$AH$10,2)) | AI17: =IF(ISERROR(IF($AF17="","",ROUND(SUM($R17,$AE17,$AH17),2))),"",IF($AF17="","",ROUND(SUM($R17,$AE17,$AH17),2))) | AJ17: =IF(ISERROR(IF($AF17="","",VLOOKUP(AI17,TRANSMUTATION_TABLE,4,TRUE))),"",IF($AF17="","",VLOOKUP(AI17,TRANSMUTATION_TABLE,4,TRUE)))
A18: 7 | B18: ='INPUT DATA'!B18 | P18: =IF(COUNT($F18:$O18)=0,"",SUM($F18:$O18)) | Q18: =IF(ISERROR(IF($P18="","",ROUND(($P18/$P$10)*$Q$10,2))),"",IF($P18="","",ROUND(($P18/$P$10)*$Q$10,2))) | R18: =IF($Q18="","",ROUND($Q18*$R$10,2)) | AC18: =IF(COUNT($S18:$AB18)=0,"",SUM($S18:$AB18)) | AD18: =IF(ISERROR(IF($AC18="","",ROUND(($AC18/$AC$10)*$AD$10,2))),"",IF($AC18="","",ROUND(($AC18/$AC$10)*$AD$10,2))) | AE18: =IF($AD18="","",ROUND($AD18*$AE$10,2)) | AG18: =IF(ISERROR(IF($AF18="","",ROUND(($AF18/$AF$10)*$AG$10,2))),"",IF($AF18="","",ROUND(($AF18/$AF$10)*$AG$10,2))) | AH18: =IF($AG18="","",ROUND($AG18*$AH$10,2)) | AI18: =IF(ISERROR(IF($AF18="","",ROUND(SUM($R18,$AE18,$AH18),2))),"",IF($AF18="","",ROUND(SUM($R18,$AE18,$AH18),2))) | AJ18: =IF(ISERROR(IF($AF18="","",VLOOKUP(AI18,TRANSMUTATION_TABLE,4,TRUE))),"",IF($AF18="","",VLOOKUP(AI18,TRANSMUTATION_TABLE,4,TRUE)))
A19: 8 | B19: ='INPUT DATA'!B19 | D19: 0 | P19: =IF(COUNT($F19:$O19)=0,"",SUM($F19:$O19)) | Q19: =IF(ISERROR(IF($P19="","",ROUND(($P19/$P$10)*$Q$10,2))),"",IF($P19="","",ROUND(($P19/$P$10)*$Q$10,2))) | R19: =IF($Q19="","",ROUND($Q19*$R$10,2)) | AC19: =IF(COUNT($S19:$AB19)=0,"",SUM($S19:$AB19)) | AD19: =IF(ISERROR(IF($AC19="","",ROUND(($AC19/$AC$10)*$AD$10,2))),"",IF($AC19="","",ROUND(($AC19/$AC$10)*$AD$10,2))) | AE19: =IF($AD19="","",ROUND($AD19*$AE$10,2)) | AG19: =IF(ISERROR(IF($AF19="","",ROUND(($AF19/$AF$10)*$AG$10,2))),"",IF($AF19="","",ROUND(($AF19/$AF$10)*$AG$10,2))) | AH19: =IF($AG19="","",ROUND($AG19*$AH$10,2)) | AI19: =IF(ISERROR(IF($AF19="","",ROUND(SUM($R19,$AE19,$AH19),2))),"",IF($AF19="","",ROUND(SUM($R19,$AE19,$AH19),2))) | AJ19: =IF(ISERROR(IF($AF19="","",VLOOKUP(AI19,TRANSMUTATION_TABLE,4,TRUE))),"",IF($AF19="","",VLOOKUP(AI19,TRANSMUTATION_TABLE,4,TRUE)))
A20: 9 | B20: ='INPUT DATA'!B20 | P20: =IF(COUNT($F20:$O20)=0,"",SUM($F20:$O20)) | Q20: =IF(ISERROR(IF($P20="","",ROUND(($P20/$P$10)*$Q$10,2))),"",IF($P20="","",ROUND(($P20/$P$10)*$Q$10,2))) | R20: =IF($Q20="","",ROUND($Q20*$R$10,2)) | AC20: =IF(COUNT($S20:$AB20)=0,"",SUM($S20:$AB20)) | AD20: =IF(ISERROR(IF($AC20="","",ROUND(($AC20/$AC$10)*$AD$10,2))),"",IF($AC20="","",ROUND(($AC20/$AC$10)*$AD$10,2))) | AE20: =IF($AD20="","",ROUND($AD20*$AE$10,2)) | AG20: =IF(ISERROR(IF($AF20="","",ROUND(($AF20/$AF$10)*$AG$10,2))),"",IF($AF20="","",ROUND(($AF20/$AF$10)*$AG$10,2))) | AH20: =IF($AG20="","",ROUND($AG20*$AH$10,2)) | AI20: =IF(ISERROR(IF($AF20="","",ROUND(SUM($R20,$AE20,$AH20),2))),"",IF($AF20="","",ROUND(SUM($R20,$AE20,$AH20),2))) | AJ20: =IF(ISERROR(IF($AF20="","",VLOOKUP(AI20,TRANSMUTATION_TABLE,4,TRUE))),"",IF($AF20="","",VLOOKUP(AI20,TRANSMUTATION_TABLE,4,TRUE)))
A21: 10 | B21: ='INPUT DATA'!B21 | P21: =IF(COUNT($F21:$O21)=0,"",SUM($F21:$O21)) | Q21: =IF(ISERROR(IF($P21="","",ROUND(($P21/$P$10)*$Q$10,2))),"",IF($P21="","",ROUND(($P21/$P$10)*$Q$10,2))) | R21: =IF($Q21="","",ROUND($Q21*$R$10,2)) | AC21: =IF(COUNT($S21:$AB21)=0,"",SUM($S21:$AB21)) | AD21: =IF(ISERROR(IF($AC21="","",ROUND(($AC21/$AC$10)*$AD$10,2))),"",IF($AC21="","",ROUND(($AC21/$AC$10)*$AD$10,2))) | AE21: =IF($AD21="","",ROUND($AD21*$AE$10,2)) | AG21: =IF(ISERROR(IF($AF21="","",ROUND(($AF21/$AF$10)*$AG$10,2))),"",IF($AF21="","",ROUND(($AF21/$AF$10)*$AG$10,2))) | AH21: =IF($AG21="","",ROUND($AG21*$AH$10,2)) | AI21: =IF(ISERROR(IF($AF21="","",ROUND(SUM($R21,$AE21,$AH21),2))),"",IF($AF21="","",ROUND(SUM($R21,$AE21,$AH21),2))) | AJ21: =IF(ISERROR(IF($AF21="","",VLOOKUP(AI21,TRANSMUTATION_TABLE,4,TRUE))),"",IF($AF21="","",VLOOKUP(AI21,TRANSMUTATION_TABLE,4,TRUE)))
A22: 11 | B22: ='INPUT DATA'!B22 | D22: 0 | P22: =IF(COUNT($F22:$O22)=0,"",SUM($F22:$O22)) | Q22: =IF(ISERROR(IF($P22="","",ROUND(($P22/$P$10)*$Q$10,2))),"",IF($P22="","",ROUND(($P22/$P$10)*$Q$10,2))) | R22: =IF($Q22="","",ROUND($Q22*$R$10,2)) | AC22: =IF(COUNT($S22:$AB22)=0,"",SUM($S22:$AB22)) | AD22: =IF(ISERROR(IF($AC22="","",ROUND(($AC22/$AC$10)*$AD$10,2))),"",IF($AC22="","",ROUND(($AC22/$AC$10)*$AD$10,2))) | AE22: =IF($AD22="","",ROUND($AD22*$AE$10,2)) | AG22: =IF(ISERROR(IF($AF22="","",ROUND(($AF22/$AF$10)*$AG$10,2))),"",IF($AF22="","",ROUND(($AF22/$AF$10)*$AG$10,2))) | AH22: =IF($AG22="","",ROUND($AG22*$AH$10,2)) | AI22: =IF(ISERROR(IF($AF22="","",ROUND(SUM($R22,$AE22,$AH22),2))),"",IF($AF22="","",ROUND(SUM($R22,$AE22,$AH22),2))) | AJ22: =IF(ISERROR(IF($AF22="","",VLOOKUP(AI22,TRANSMUTATION_TABLE,4,TRUE))),"",IF($AF22="","",VLOOKUP(AI22,TRANSMUTATION_TABLE,4,TRUE)))
A23: 12 | B23: ='INPUT DATA'!B23 | P23: =IF(COUNT($F23:$O23)=0,"",SUM($F23:$O23)) | Q23: =IF(ISERROR(IF($P23="","",ROUND(($P23/$P$10)*$Q$10,2))),"",IF($P23="","",ROUND(($P23/$P$10)*$Q$10,2))) | R23: =IF($Q23="","",ROUND($Q23*$R$10,2)) | AC23: =IF(COUNT($S23:$AB23)=0,"",SUM($S23:$AB23)) | AD23: =IF(ISERROR(IF($AC23="","",ROUND(($AC23/$AC$10)*$AD$10,2))),"",IF($AC23="","",ROUND(($AC23/$AC$10)*$AD$10,2))) | AE23: =IF($AD23="","",ROUND($AD23*$AE$10,2)) | AG23: =IF(ISERROR(IF($AF23="","",ROUND(($AF23/$AF$10)*$AG$10,2))),"",IF($AF23="","",ROUND(($AF23/$AF$10)*$AG$10,2))) | AH23: =IF($AG23="","",ROUND($AG23*$AH$10,2)) | AI23: =IF(ISERROR(IF($AF23="","",ROUND(SUM($R23,$AE23,$AH23),2))),"",IF($AF23="","",ROUND(SUM($R23,$AE23,$AH23),2))) | AJ23: =IF(ISERROR(IF($AF23="","",VLOOKUP(AI23,TRANSMUTATION_TABLE,4,TRUE))),"",IF($AF23="","",VLOOKUP(AI23,TRANSMUTATION_TABLE,4,TRUE)))
A24: 13 | B24: ='INPUT DATA'!B24 | P24: =IF(COUNT($F24:$O24)=0,"",SUM($F24:$O24)) | Q24: =IF(ISERROR(IF($P24="","",ROUND(($P24/$P$10)*$Q$10,2))),"",IF($P24="","",ROUND(($P24/$P$10)*$Q$10,2))) | R24: =IF($Q24="","",ROUND($Q24*$R$10,2)) | AC24: =IF(COUNT($S24:$AB24)=0,"",SUM($S24:$AB24)) | AD24: =IF(ISERROR(IF($AC24="","",ROUND(($AC24/$AC$10)*$AD$10,2))),"",IF($AC24="","",ROUND(($AC24/$AC$10)*$AD$10,2))) | AE24: =IF($AD24="","",ROUND($AD24*$AE$10,2)) | AG24: =IF(ISERROR(IF($AF24="","",ROUND(($AF24/$AF$10)*$AG$10,2))),"",IF($AF24="","",ROUND(($AF24/$AF$10)*$AG$10,2))) | AH24: =IF($AG24="","",ROUND($AG24*$AH$10,2)) | AI24: =IF(ISERROR(IF($AF24="","",ROUND(SUM($R24,$AE24,$AH24),2))),"",IF($AF24="","",ROUND(SUM($R24,$AE24,$AH24),2))) | AJ24: =IF(ISERROR(IF($AF24="","",VLOOKUP(AI24,TRANSMUTATION_TABLE,4,TRUE))),"",IF($AF24="","",VLOOKUP(AI24,TRANSMUTATION_TABLE,4,TRUE)))
A25: 14 | B25: ='INPUT DATA'!B25 | P25: =IF(COUNT($F25:$O25)=0,"",SUM($F25:$O25)) | Q25: =IF(ISERROR(IF($P25="","",ROUND(($P25/$P$10)*$Q$10,2))),"",IF($P25="","",ROUND(($P25/$P$10)*$Q$10,2))) | R25: =IF($Q25="","",ROUND($Q25*$R$10,2)) | AC25: =IF(COUNT($S25:$AB25)=0,"",SUM($S25:$AB25)) | AD25: =IF(ISERROR(IF($AC25="","",ROUND(($AC25/$AC$10)*$AD$10,2))),"",IF($AC25="","",ROUND(($AC25/$AC$10)*$AD$10,2))) | AE25: =IF($AD25="","",ROUND($AD25*$AE$10,2)) | AG25: =IF(ISERROR(IF($AF25="","",ROUND(($AF25/$AF$10)*$AG$10,2))),"",IF($AF25="","",ROUND(($AF25/$AF$10)*$AG$10,2))) | AH25: =IF($AG25="","",ROUND($AG25*$AH$10,2)) | AI25: =IF(ISERROR(IF($AF25="","",ROUND(SUM($R25,$AE25,$AH25),2))),"",IF($AF25="","",ROUND(SUM($R25,$AE25,$AH25),2))) | AJ25: =IF(ISERROR(IF($AF25="","",VLOOKUP(AI25,TRANSMUTATION_TABLE,4,TRUE))),"",IF($AF25="","",VLOOKUP(AI25,TRANSMUTATION_TABLE,4,TRUE)))
A26: 15 | B26: ='INPUT DATA'!B26 | P26: =IF(COUNT($F26:$O26)=0,"",SUM($F26:$O26)) | Q26: =IF(ISERROR(IF($P26="","",ROUND(($P26/$P$10)*$Q$10,2))),"",IF($P26="","",ROUND(($P26/$P$10)*$Q$10,2))) | R26: =IF($Q26="","",ROUND($Q26*$R$10,2)) | AC26: =IF(COUNT($S26:$AB26)=0,"",SUM($S26:$AB26)) | AD26: =IF(ISERROR(IF($AC26="","",ROUND(($AC26/$AC$10)*$AD$10,2))),"",IF($AC26="","",ROUND(($AC26/$AC$10)*$AD$10,2))) | AE26: =IF($AD26="","",ROUND($AD26*$AE$10,2)) | AG26: =IF(ISERROR(IF($AF26="","",ROUND(($AF26/$AF$10)*$AG$10,2))),"",IF($AF26="","",ROUND(($AF26/$AF$10)*$AG$10,2))) | AH26: =IF($AG26="","",ROUND($AG26*$AH$10,2)) | AI26: =IF(ISERROR(IF($AF26="","",ROUND(SUM($R26,$AE26,$AH26),2))),"",IF($AF26="","",ROUND(SUM($R26,$AE26,$AH26),2))) | AJ26: =IF(ISERROR(IF($AF26="","",VLOOKUP(AI26,TRANSMUTATION_TABLE,4,TRUE))),"",IF($AF26="","",VLOOKUP(AI26,TRANSMUTATION_TABLE,4,TRUE)))
A27: 16 | B27: ='INPUT DATA'!B27 | P27: =IF(COUNT($F27:$O27)=0,"",SUM($F27:$O27)) | Q27: =IF(ISERROR(IF($P27="","",ROUND(($P27/$P$10)*$Q$10,2))),"",IF($P27="","",ROUND(($P27/$P$10)*$Q$10,2))) | R27: =IF($Q27="","",ROUND($Q27*$R$10,2)) | AC27: =IF(COUNT($S27:$AB27)=0,"",SUM($S27:$AB27)) | AD27: =IF(ISERROR(IF($AC27="","",ROUND(($AC27/$AC$10)*$AD$10,2))),"",IF($AC27="","",ROUND(($AC27/$AC$10)*$AD$10,2))) | AE27: =IF($AD27="","",ROUND($AD27*$AE$10,2)) | AG27: =IF(ISERROR(IF($AF27="","",ROUND(($AF27/$AF$10)*$AG$10,2))),"",IF($AF27="","",ROUND(($AF27/$AF$10)*$AG$10,2))) | AH27: =IF($AG27="","",ROUND($AG27*$AH$10,2)) | AI27: =IF(ISERROR(IF($AF27="","",ROUND(SUM($R27,$AE27,$AH27),2))),"",IF($AF27="","",ROUND(SUM($R27,$AE27,$AH27),2))) | AJ27: =IF(ISERROR(IF($AF27="","",VLOOKUP(AI27,TRANSMUTATION_TABLE,4,TRUE))),"",IF($AF27="","",VLOOKUP(AI27,TRANSMUTATION_TABLE,4,TRUE)))
A28: 17 | B28: ='INPUT DATA'!B28 | P28: =IF(COUNT($F28:$O28)=0,"",SUM($F28:$O28)) | Q28: =IF(ISERROR(IF($P28="","",ROUND(($P28/$P$10)*$Q$10,2))),"",IF($P28="","",ROUND(($P28/$P$10)*$Q$10,2))) | R28: =IF($Q28="","",ROUND($Q28*$R$10,2)) | AC28: =IF(COUNT($S28:$AB28)=0,"",SUM($S28:$AB28)) | AD28: =IF(ISERROR(IF($AC28="","",ROUND(($AC28/$AC$10)*$AD$10,2))),"",IF($AC28="","",ROUND(($AC28/$AC$10)*$AD$10,2))) | AE28: =IF($AD28="","",ROUND($AD28*$AE$10,2)) | AG28: =IF(ISERROR(IF($AF28="","",ROUND(($AF28/$AF$10)*$AG$10,2))),"",IF($AF28="","",ROUND(($AF28/$AF$10)*$AG$10,2))) | AH28: =IF($AG28="","",ROUND($AG28*$AH$10,2)) | AI28: =IF(ISERROR(IF($AF28="","",ROUND(SUM($R28,$AE28,$AH28),2))),"",IF($AF28="","",ROUND(SUM($R28,$AE28,$AH28),2))) | AJ28: =IF(ISERROR(IF($AF28="","",VLOOKUP(AI28,TRANSMUTATION_TABLE,4,TRUE))),"",IF($AF28="","",VLOOKUP(AI28,TRANSMUTATION_TABLE,4,TRUE)))
A29: 18 | B29: ='INPUT DATA'!B29 | P29: =IF(COUNT($F29:$O29)=0,"",SUM($F29:$O29)) | Q29: =IF(ISERROR(IF($P29="","",ROUND(($P29/$P$10)*$Q$10,2))),"",IF($P29="","",ROUND(($P29/$P$10)*$Q$10,2))) | R29: =IF($Q29="","",ROUND($Q29*$R$10,2)) | AC29: =IF(COUNT($S29:$AB29)=0,"",SUM($S29:$AB29)) | AD29: =IF(ISERROR(IF($AC29="","",ROUND(($AC29/$AC$10)*$AD$10,2))),"",IF($AC29="","",ROUND(($AC29/$AC$10)*$AD$10,2))) | AE29: =IF($AD29="","",ROUND($AD29*$AE$10,2)) | AG29: =IF(ISERROR(IF($AF29="","",ROUND(($AF29/$AF$10)*$AG$10,2))),"",IF($AF29="","",ROUND(($AF29/$AF$10)*$AG$10,2))) | AH29: =IF($AG29="","",ROUND($AG29*$AH$10,2)) | AI29: =IF(ISERROR(IF($AF29="","",ROUND(SUM($R29,$AE29,$AH29),2))),"",IF($AF29="","",ROUND(SUM($R29,$AE29,$AH29),2))) | AJ29: =IF(ISERROR(IF($AF29="","",VLOOKUP(AI29,TRANSMUTATION_TABLE,4,TRUE))),"",IF($AF29="","",VLOOKUP(AI29,TRANSMUTATION_TABLE,4,TRUE)))
A30: 19 | B30: ='INPUT DATA'!B30 | P30: =IF(COUNT($F30:$O30)=0,"",SUM($F30:$O30)) | Q30: =IF(ISERROR(IF($P30="","",ROUND(($P30/$P$10)*$Q$10,2))),"",IF($P30="","",ROUND(($P30/$P$10)*$Q$10,2))) | R30: =IF($Q30="","",ROUND($Q30*$R$10,2)) | AC30: =IF(COUNT($S30:$AB30)=0,"",SUM($S30:$AB30)) | AD30: =IF(ISERROR(IF($AC30="","",ROUND(($AC30/$AC$10)*$AD$10,2))),"",IF($AC30="","",ROUND(($AC30/$AC$10)*$AD$10,2))) | AE30: =IF($AD30="","",ROUND($AD30*$AE$10,2)) | AG30: =IF(ISERROR(IF($AF30="","",ROUND(($AF30/$AF$10)*$AG$10,2))),"",IF($AF30="","",ROUND(($AF30/$AF$10)*$AG$10,2))) | AH30: =IF($AG30="","",ROUND($AG30*$AH$10,2)) | AI30: =IF(ISERROR(IF($AF30="","",ROUND(SUM($R30,$AE30,$AH30),2))),"",IF($AF30="","",ROUND(SUM($R30,$AE30,$AH30),2))) | AJ30: =IF(ISERROR(IF($AF30="","",VLOOKUP(AI30,TRANSMUTATION_TABLE,4,TRUE))),"",IF($AF30="","",VLOOKUP(AI30,TRANSMUTATION_TABLE,4,TRUE)))
A31: 20 | B31: ='INPUT DATA'!B31 | P31: =IF(COUNT($F31:$O31)=0,"",SUM($F31:$O31)) | Q31: =IF(ISERROR(IF($P31="","",ROUND(($P31/$P$10)*$Q$10,2))),"",IF($P31="","",ROUND(($P31/$P$10)*$Q$10,2))) | R31: =IF($Q31="","",ROUND($Q31*$R$10,2)) | AC31: =IF(COUNT($S31:$AB31)=0,"",SUM($S31:$AB31)) | AD31: =IF(ISERROR(IF($AC31="","",ROUND(($AC31/$AC$10)*$AD$10,2))),"",IF($AC31="","",ROUND(($AC31/$AC$10)*$AD$10,2))) | AE31: =IF($AD31="","",ROUND($AD31*$AE$10,2)) | AG31: =IF(ISERROR(IF($AF31="","",ROUND(($AF31/$AF$10)*$AG$10,2))),"",IF($AF31="","",ROUND(($AF31/$AF$10)*$AG$10,2))) | AH31: =IF($AG31="","",ROUND($AG31*$AH$10,2)) | AI31: =IF(ISERROR(IF($AF31="","",ROUND(SUM($R31,$AE31,$AH31),2))),"",IF($AF31="","",ROUND(SUM($R31,$AE31,$AH31),2))) | AJ31: =IF(ISERROR(IF($AF31="","",VLOOKUP(AI31,TRANSMUTATION_TABLE,4,TRUE))),"",IF($AF31="","",VLOOKUP(AI31,TRANSMUTATION_TABLE,4,TRUE)))
A32: 21 | B32: ='INPUT DATA'!B32 | P32: =IF(COUNT($F32:$O32)=0,"",SUM($F32:$O32)) | Q32: =IF(ISERROR(IF($P32="","",ROUND(($P32/$P$10)*$Q$10,2))),"",IF($P32="","",ROUND(($P32/$P$10)*$Q$10,2))) | R32: =IF($Q32="","",ROUND($Q32*$R$10,2)) | AC32: =IF(COUNT($S32:$AB32)=0,"",SUM($S32:$AB32)) | AD32: =IF(ISERROR(IF($AC32="","",ROUND(($AC32/$AC$10)*$AD$10,2))),"",IF($AC32="","",ROUND(($AC32/$AC$10)*$AD$10,2))) | AE32: =IF($AD32="","",ROUND($AD32*$AE$10,2)) | AG32: =IF(ISERROR(IF($AF32="","",ROUND(($AF32/$AF$10)*$AG$10,2))),"",IF($AF32="","",ROUND(($AF32/$AF$10)*$AG$10,2))) | AH32: =IF($AG32="","",ROUND($AG32*$AH$10,2)) | AI32: =IF(ISERROR(IF($AF32="","",ROUND(SUM($R32,$AE32,$AH32),2))),"",IF($AF32="","",ROUND(SUM($R32,$AE32,$AH32),2))) | AJ32: =IF(ISERROR(IF($AF32="","",VLOOKUP(AI32,TRANSMUTATION_TABLE,4,TRUE))),"",IF($AF32="","",VLOOKUP(AI32,TRANSMUTATION_TABLE,4,TRUE)))
A33: 22 | B33: ='INPUT DATA'!B33 | P33: =IF(COUNT($F33:$O33)=0,"",SUM($F33:$O33)) | Q33: =IF(ISERROR(IF($P33="","",ROUND(($P33/$P$10)*$Q$10,2))),"",IF($P33="","",ROUND(($P33/$P$10)*$Q$10,2))) | R33: =IF($Q33="","",ROUND($Q33*$R$10,2)) | AC33: =IF(COUNT($S33:$AB33)=0,"",SUM($S33:$AB33)) | AD33: =IF(ISERROR(IF($AC33="","",ROUND(($AC33/$AC$10)*$AD$10,2))),"",IF($AC33="","",ROUND(($AC33/$AC$10)*$AD$10,2))) | AE33: =IF($AD33="","",ROUND($AD33*$AE$10,2)) | AG33: =IF(ISERROR(IF($AF33="","",ROUND(($AF33/$AF$10)*$AG$10,2))),"",IF($AF33="","",ROUND(($AF33/$AF$10)*$AG$10,2))) | AH33: =IF($AG33="","",ROUND($AG33*$AH$10,2)) | AI33: =IF(ISERROR(IF($AF33="","",ROUND(SUM($R33,$AE33,$AH33),2))),"",IF($AF33="","",ROUND(SUM($R33,$AE33,$AH33),2))) | AJ33: =IF(ISERROR(IF($AF33="","",VLOOKUP(AI33,TRANSMUTATION_TABLE,4,TRUE))),"",IF($AF33="","",VLOOKUP(AI33,TRANSMUTATION_TABLE,4,TRUE)))
A34: 23 | B34: ='INPUT DATA'!B34 | P34: =IF(COUNT($F34:$O34)=0,"",SUM($F34:$O34)) | Q34: =IF(ISERROR(IF($P34="","",ROUND(($P34/$P$10)*$Q$10,2))),"",IF($P34="","",ROUND(($P34/$P$10)*$Q$10,2))) | R34: =IF($Q34="","",ROUND($Q34*$R$10,2)) | AC34: =IF(COUNT($S34:$AB34)=0,"",SUM($S34:$AB34)) | AD34: =IF(ISERROR(IF($AC34="","",ROUND(($AC34/$AC$10)*$AD$10,2))),"",IF($AC34="","",ROUND(($AC34/$AC$10)*$AD$10,2))) | AE34: =IF($AD34="","",ROUND($AD34*$AE$10,2)) | AG34: =IF(ISERROR(IF($AF34="","",ROUND(($AF34/$AF$10)*$AG$10,2))),"",IF($AF34="","",ROUND(($AF34/$AF$10)*$AG$10,2))) | AH34: =IF($AG34="","",ROUND($AG34*$AH$10,2)) | AI34: =IF(ISERROR(IF($AF34="","",ROUND(SUM($R34,$AE34,$AH34),2))),"",IF($AF34="","",ROUND(SUM($R34,$AE34,$AH34),2))) | AJ34: =IF(ISERROR(IF($AF34="","",VLOOKUP(AI34,TRANSMUTATION_TABLE,4,TRUE))),"",IF($AF34="","",VLOOKUP(AI34,TRANSMUTATION_TABLE,4,TRUE)))
... A61: 50 | B61: ='INPUT DATA'!B61 | P61: =IF(COUNT($F61:$O61)=0,"",SUM($F61:$O61)) | Q61: =IF(ISERROR(IF($P61="","",ROUND(($P61/$P$10)*$Q$10,2))),"",IF($P61="","",ROUND(($P61/$P$10)*$Q$10,2))) | R61: =IF($Q61="","",ROUND($Q61*$R$10,2)) | AC61: =IF(COUNT($S61:$AB61)=0,"",SUM($S61:$AB61)) | AD61: =IF(ISERROR(IF($AC61="","",ROUND(($AC61/$AC$10)*$AD$10,2))),"",IF($AC61="","",ROUND(($AC61/$AC$10)*$AD$10,2))) | AE61: =IF($AD61="","",ROUND($AD61*$AE$10,2)) | AG61: =IF(ISERROR(IF($AF61="","",ROUND(($AF61/$AF$10)*$AG$10,2))),"",IF($AF61="","",ROUND(($AF61/$AF$10)*$AG$10,2))) | AH61: =IF($AG61="","",ROUND($AG61*$AH$10,2)) | AI61: =IF(ISERROR(IF($AF61="","",ROUND(SUM($R61,$AE61,$AH61),2))),"",IF($AF61="","",ROUND(SUM($R61,$AE61,$AH61),2))) | AJ61: =IF(ISERROR(IF($AF61="","",VLOOKUP(AI61,TRANSMUTATION_TABLE,4,TRUE))),"",IF($AF61="","",VLOOKUP(AI61,TRANSMUTATION_TABLE,4,TRUE)))
B62: FEMALE
A63: 1 | B63: Jeffrey Cruel | P63: =IF(COUNT($F63:$O63)=0,"",SUM($F63:$O63)) | Q63: =IF(ISERROR(IF($P63="","",ROUND(($P63/SUMIF($F63:$O63,"<>",$F$10:$O$10))*100,2))),"",IF($P63="","",ROUND(($P63/SUMIF($F63:$O63,"<>",$F$10:$O$10))*100,2))) | R63: =IF($Q63="","",ROUND($Q63*$R$10,2)) | AC63: =IF(COUNT($S63:$AB63)=0,"",SUM($S63:$AB63)) | AD63: =IF(ISERROR(IF($AC63="","",ROUND(($AC63/SUMIF($S63:$AB63,"<>",$S$10:$AB$10))*100,2))),"",IF($AC63="","",ROUND(($AC63/SUMIF($S63:$AB63,"<>",$S$10:$AB$10))*100,2))) | AE63: =IF($AD63="","",ROUND($AD63*$AE$10,2)) | AG63: =IF(ISERROR(IF($AF63="","",ROUND(($AF63/$AF$10)*$AG$10,2))),"",IF($AF63="","",ROUND(($AF63/$AF$10)*$AG$10,2))) | AH63: =IF($AG63="","",ROUND($AG63*$AH$10,2)) | AI63: =IF(ISERROR(IF($AF63="","",ROUND(SUM($R63,$AE63,$AH63),2))),"",IF($AF63="","",ROUND(SUM($R63,$AE63,$AH63),2))) | AJ63: =IF(ISERROR(IF($AF63="","",VLOOKUP(AI63,TRANSMUTATION_TABLE,4,TRUE))),"",IF($AF63="","",VLOOKUP(AI63,TRANSMUTATION_TABLE,4,TRUE)))
A64: 2 | B64: ='INPUT DATA'!B64 | P64: =IF(COUNT($F64:$O64)=0,"",SUM($F64:$O64)) | Q64: =IF(ISERROR(IF($P64="","",ROUND(($P64/$P$10)*$Q$10,2))),"",IF($P64="","",ROUND(($P64/$P$10)*$Q$10,2))) | R64: =IF($Q64="","",ROUND($Q64*$R$10,2)) | AC64: =IF(COUNT($S64:$AB64)=0,"",SUM($S64:$AB64)) | AD64: =IF(ISERROR(IF($AC64="","",ROUND(($AC64/$AC$10)*$AD$10,2))),"",IF($AC64="","",ROUND(($AC64/$AC$10)*$AD$10,2))) | AE64: =IF($AD64="","",ROUND($AD64*$AE$10,2)) | AG64: =IF(ISERROR(IF($AF64="","",ROUND(($AF64/$AF$10)*$AG$10,2))),"",IF($AF64="","",ROUND(($AF64/$AF$10)*$AG$10,2))) | AH64: =IF($AG64="","",ROUND($AG64*$AH$10,2)) | AI64: =IF(ISERROR(IF($AF64="","",ROUND(SUM($R64,$AE64,$AH64),2))),"",IF($AF64="","",ROUND(SUM($R64,$AE64,$AH64),2))) | AJ64: =IF(ISERROR(IF($AF64="","",VLOOKUP(AI64,TRANSMUTATION_TABLE,4,TRUE))),"",IF($AF64="","",VLOOKUP(AI64,TRANSMUTATION_TABLE,4,TRUE)))
A65: 3 | B65: ='INPUT DATA'!B65 | P65: =IF(COUNT($F65:$O65)=0,"",SUM($F65:$O65)) | Q65: =IF(ISERROR(IF($P65="","",ROUND(($P65/$P$10)*$Q$10,2))),"",IF($P65="","",ROUND(($P65/$P$10)*$Q$10,2))) | R65: =IF($Q65="","",ROUND($Q65*$R$10,2)) | AC65: =IF(COUNT($S65:$AB65)=0,"",SUM($S65:$AB65)) | AD65: =IF(ISERROR(IF($AC65="","",ROUND(($AC65/$AC$10)*$AD$10,2))),"",IF($AC65="","",ROUND(($AC65/$AC$10)*$AD$10,2))) | AE65: =IF($AD65="","",ROUND($AD65*$AE$10,2)) | AG65: =IF(ISERROR(IF($AF65="","",ROUND(($AF65/$AF$10)*$AG$10,2))),"",IF($AF65="","",ROUND(($AF65/$AF$10)*$AG$10,2))) | AH65: =IF($AG65="","",ROUND($AG65*$AH$10,2)) | AI65: =IF(ISERROR(IF($AF65="","",ROUND(SUM($R65,$AE65,$AH65),2))),"",IF($AF65="","",ROUND(SUM($R65,$AE65,$AH65),2))) | AJ65: =IF(ISERROR(IF($AF65="","",VLOOKUP(AI65,TRANSMUTATION_TABLE,4,TRUE))),"",IF($AF65="","",VLOOKUP(AI65,TRANSMUTATION_TABLE,4,TRUE)))
A66: 4 | B66: ='INPUT DATA'!B66 | P66: =IF(COUNT($F66:$O66)=0,"",SUM($F66:$O66)) | Q66: =IF(ISERROR(IF($P66="","",ROUND(($P66/$P$10)*$Q$10,2))),"",IF($P66="","",ROUND(($P66/$P$10)*$Q$10,2))) | R66: =IF($Q66="","",ROUND($Q66*$R$10,2)) | AC66: =IF(COUNT($S66:$AB66)=0,"",SUM($S66:$AB66)) | AD66: =IF(ISERROR(IF($AC66="","",ROUND(($AC66/$AC$10)*$AD$10,2))),"",IF($AC66="","",ROUND(($AC66/$AC$10)*$AD$10,2))) | AE66: =IF($AD66="","",ROUND($AD66*$AE$10,2)) | AG66: =IF(ISERROR(IF($AF66="","",ROUND(($AF66/$AF$10)*$AG$10,2))),"",IF($AF66="","",ROUND(($AF66/$AF$10)*$AG$10,2))) | AH66: =IF($AG66="","",ROUND($AG66*$AH$10,2)) | AI66: =IF(ISERROR(IF($AF66="","",ROUND(SUM($R66,$AE66,$AH66),2))),"",IF($AF66="","",ROUND(SUM($R66,$AE66,$AH66),2))) | AJ66: =IF(ISERROR(IF($AF66="","",VLOOKUP(AI66,TRANSMUTATION_TABLE,4,TRUE))),"",IF($AF66="","",VLOOKUP(AI66,TRANSMUTATION_TABLE,4,TRUE)))
A67: 5 | B67: ='INPUT DATA'!B67 | P67: =IF(COUNT($F67:$O67)=0,"",SUM($F67:$O67)) | Q67: =IF(ISERROR(IF($P67="","",ROUND(($P67/$P$10)*$Q$10,2))),"",IF($P67="","",ROUND(($P67/$P$10)*$Q$10,2))) | R67: =IF($Q67="","",ROUND($Q67*$R$10,2)) | AC67: =IF(COUNT($S67:$AB67)=0,"",SUM($S67:$AB67)) | AD67: =IF(ISERROR(IF($AC67="","",ROUND(($AC67/$AC$10)*$AD$10,2))),"",IF($AC67="","",ROUND(($AC67/$AC$10)*$AD$10,2))) | AE67: =IF($AD67="","",ROUND($AD67*$AE$10,2)) | AG67: =IF(ISERROR(IF($AF67="","",ROUND(($AF67/$AF$10)*$AG$10,2))),"",IF($AF67="","",ROUND(($AF67/$AF$10)*$AG$10,2))) | AH67: =IF($AG67="","",ROUND($AG67*$AH$10,2)) | AI67: =IF(ISERROR(IF($AF67="","",ROUND(SUM($R67,$AE67,$AH67),2))),"",IF($AF67="","",ROUND(SUM($R67,$AE67,$AH67),2))) | AJ67: =IF(ISERROR(IF($AF67="","",VLOOKUP(AI67,TRANSMUTATION_TABLE,4,TRUE))),"",IF($AF67="","",VLOOKUP(AI67,TRANSMUTATION_TABLE,4,TRUE)))
A68: 6 | B68: ='INPUT DATA'!B68 | P68: =IF(COUNT($F68:$O68)=0,"",SUM($F68:$O68)) | Q68: =IF(ISERROR(IF($P68="","",ROUND(($P68/$P$10)*$Q$10,2))),"",IF($P68="","",ROUND(($P68/$P$10)*$Q$10,2))) | R68: =IF($Q68="","",ROUND($Q68*$R$10,2)) | AC68: =IF(COUNT($S68:$AB68)=0,"",SUM($S68:$AB68)) | AD68: =IF(ISERROR(IF($AC68="","",ROUND(($AC68/$AC$10)*$AD$10,2))),"",IF($AC68="","",ROUND(($AC68/$AC$10)*$AD$10,2))) | AE68: =IF($AD68="","",ROUND($AD68*$AE$10,2)) | AG68: =IF(ISERROR(IF($AF68="","",ROUND(($AF68/$AF$10)*$AG$10,2))),"",IF($AF68="","",ROUND(($AF68/$AF$10)*$AG$10,2))) | AH68: =IF($AG68="","",ROUND($AG68*$AH$10,2)) | AI68: =IF(ISERROR(IF($AF68="","",ROUND(SUM($R68,$AE68,$AH68),2))),"",IF($AF68="","",ROUND(SUM($R68,$AE68,$AH68),2))) | AJ68: =IF(ISERROR(IF($AF68="","",VLOOKUP(AI68,TRANSMUTATION_TABLE,4,TRUE))),"",IF($AF68="","",VLOOKUP(AI68,TRANSMUTATION_TABLE,4,TRUE)))
A69: 7 | B69: ='INPUT DATA'!B69 | P69: =IF(COUNT($F69:$O69)=0,"",SUM($F69:$O69)) | Q69: =IF(ISERROR(IF($P69="","",ROUND(($P69/$P$10)*$Q$10,2))),"",IF($P69="","",ROUND(($P69/$P$10)*$Q$10,2))) | R69: =IF($Q69="","",ROUND($Q69*$R$10,2)) | AC69: =IF(COUNT($S69:$AB69)=0,"",SUM($S69:$AB69)) | AD69: =IF(ISERROR(IF($AC69="","",ROUND(($AC69/$AC$10)*$AD$10,2))),"",IF($AC69="","",ROUND(($AC69/$AC$10)*$AD$10,2))) | AE69: =IF($AD69="","",ROUND($AD69*$AE$10,2)) | AG69: =IF(ISERROR(IF($AF69="","",ROUND(($AF69/$AF$10)*$AG$10,2))),"",IF($AF69="","",ROUND(($AF69/$AF$10)*$AG$10,2))) | AH69: =IF($AG69="","",ROUND($AG69*$AH$10,2)) | AI69: =IF(ISERROR(IF($AF69="","",ROUND(SUM($R69,$AE69,$AH69),2))),"",IF($AF69="","",ROUND(SUM($R69,$AE69,$AH69),2))) | AJ69: =IF(ISERROR(IF($AF69="","",VLOOKUP(AI69,TRANSMUTATION_TABLE,4,TRUE))),"",IF($AF69="","",VLOOKUP(AI69,TRANSMUTATION_TABLE,4,TRUE)))
A70: 8 | B70: ='INPUT DATA'!B70 | P70: =IF(COUNT($F70:$O70)=0,"",SUM($F70:$O70)) | Q70: =IF(ISERROR(IF($P70="","",ROUND(($P70/$P$10)*$Q$10,2))),"",IF($P70="","",ROUND(($P70/$P$10)*$Q$10,2))) | R70: =IF($Q70="","",ROUND($Q70*$R$10,2)) | AC70: =IF(COUNT($S70:$AB70)=0,"",SUM($S70:$AB70)) | AD70: =IF(ISERROR(IF($AC70="","",ROUND(($AC70/$AC$10)*$AD$10,2))),"",IF($AC70="","",ROUND(($AC70/$AC$10)*$AD$10,2))) | AE70: =IF($AD70="","",ROUND($AD70*$AE$10,2)) | AG70: =IF(ISERROR(IF($AF70="","",ROUND(($AF70/$AF$10)*$AG$10,2))),"",IF($AF70="","",ROUND(($AF70/$AF$10)*$AG$10,2))) | AH70: =IF($AG70="","",ROUND($AG70*$AH$10,2)) | AI70: =IF(ISERROR(IF($AF70="","",ROUND(SUM($R70,$AE70,$AH70),2))),"",IF($AF70="","",ROUND(SUM($R70,$AE70,$AH70),2))) | AJ70: =IF(ISERROR(IF($AF70="","",VLOOKUP(AI70,TRANSMUTATION_TABLE,4,TRUE))),"",IF($AF70="","",VLOOKUP(AI70,TRANSMUTATION_TABLE,4,TRUE)))
A71: 9 | B71: ='INPUT DATA'!B71 | P71: =IF(COUNT($F71:$O71)=0,"",SUM($F71:$O71)) | Q71: =IF(ISERROR(IF($P71="","",ROUND(($P71/$P$10)*$Q$10,2))),"",IF($P71="","",ROUND(($P71/$P$10)*$Q$10,2))) | R71: =IF($Q71="","",ROUND($Q71*$R$10,2)) | AC71: =IF(COUNT($S71:$AB71)=0,"",SUM($S71:$AB71)) | AD71: =IF(ISERROR(IF($AC71="","",ROUND(($AC71/$AC$10)*$AD$10,2))),"",IF($AC71="","",ROUND(($AC71/$AC$10)*$AD$10,2))) | AE71: =IF($AD71="","",ROUND($AD71*$AE$10,2)) | AG71: =IF(ISERROR(IF($AF71="","",ROUND(($AF71/$AF$10)*$AG$10,2))),"",IF($AF71="","",ROUND(($AF71/$AF$10)*$AG$10,2))) | AH71: =IF($AG71="","",ROUND($AG71*$AH$10,2)) | AI71: =IF(ISERROR(IF($AF71="","",ROUND(SUM($R71,$AE71,$AH71),2))),"",IF($AF71="","",ROUND(SUM($R71,$AE71,$AH71),2))) | AJ71: =IF(ISERROR(IF($AF71="","",VLOOKUP(AI71,TRANSMUTATION_TABLE,4,TRUE))),"",IF($AF71="","",VLOOKUP(AI71,TRANSMUTATION_TABLE,4,TRUE)))
A72: 10 | B72: ='INPUT DATA'!B72 | P72: =IF(COUNT($F72:$O72)=0,"",SUM($F72:$O72)) | Q72: =IF(ISERROR(IF($P72="","",ROUND(($P72/$P$10)*$Q$10,2))),"",IF($P72="","",ROUND(($P72/$P$10)*$Q$10,2))) | R72: =IF($Q72="","",ROUND($Q72*$R$10,2)) | AC72: =IF(COUNT($S72:$AB72)=0,"",SUM($S72:$AB72)) | AD72: =IF(ISERROR(IF($AC72="","",ROUND(($AC72/$AC$10)*$AD$10,2))),"",IF($AC72="","",ROUND(($AC72/$AC$10)*$AD$10,2))) | AE72: =IF($AD72="","",ROUND($AD72*$AE$10,2)) | AG72: =IF(ISERROR(IF($AF72="","",ROUND(($AF72/$AF$10)*$AG$10,2))),"",IF($AF72="","",ROUND(($AF72/$AF$10)*$AG$10,2))) | AH72: =IF($AG72="","",ROUND($AG72*$AH$10,2)) | AI72: =IF(ISERROR(IF($AF72="","",ROUND(SUM($R72,$AE72,$AH72),2))),"",IF($AF72="","",ROUND(SUM($R72,$AE72,$AH72),2))) | AJ72: =IF(ISERROR(IF($AF72="","",VLOOKUP(AI72,TRANSMUTATION_TABLE,4,TRUE))),"",IF($AF72="","",VLOOKUP(AI72,TRANSMUTATION_TABLE,4,TRUE)))
A73: 11 | B73: ='INPUT DATA'!B73 | P73: =IF(COUNT($F73:$O73)=0,"",SUM($F73:$O73)) | Q73: =IF(ISERROR(IF($P73="","",ROUND(($P73/$P$10)*$Q$10,2))),"",IF($P73="","",ROUND(($P73/$P$10)*$Q$10,2))) | R73: =IF($Q73="","",ROUND($Q73*$R$10,2)) | AC73: =IF(COUNT($S73:$AB73)=0,"",SUM($S73:$AB73)) | AD73: =IF(ISERROR(IF($AC73="","",ROUND(($AC73/$AC$10)*$AD$10,2))),"",IF($AC73="","",ROUND(($AC73/$AC$10)*$AD$10,2))) | AE73: =IF($AD73="","",ROUND($AD73*$AE$10,2)) | AG73: =IF(ISERROR(IF($AF73="","",ROUND(($AF73/$AF$10)*$AG$10,2))),"",IF($AF73="","",ROUND(($AF73/$AF$10)*$AG$10,2))) | AH73: =IF($AG73="","",ROUND($AG73*$AH$10,2)) | AI73: =IF(ISERROR(IF($AF73="","",ROUND(SUM($R73,$AE73,$AH73),2))),"",IF($AF73="","",ROUND(SUM($R73,$AE73,$AH73),2))) | AJ73: =IF(ISERROR(IF($AF73="","",VLOOKUP(AI73,TRANSMUTATION_TABLE,4,TRUE))),"",IF($AF73="","",VLOOKUP(AI73,TRANSMUTATION_TABLE,4,TRUE)))
A74: 12 | B74: ='INPUT DATA'!B74 | P74: =IF(COUNT($F74:$O74)=0,"",SUM($F74:$O74)) | Q74: =IF(ISERROR(IF($P74="","",ROUND(($P74/$P$10)*$Q$10,2))),"",IF($P74="","",ROUND(($P74/$P$10)*$Q$10,2))) | R74: =IF($Q74="","",ROUND($Q74*$R$10,2)) | AC74: =IF(COUNT($S74:$AB74)=0,"",SUM($S74:$AB74)) | AD74: =IF(ISERROR(IF($AC74="","",ROUND(($AC74/$AC$10)*$AD$10,2))),"",IF($AC74="","",ROUND(($AC74/$AC$10)*$AD$10,2))) | AE74: =IF($AD74="","",ROUND($AD74*$AE$10,2)) | AG74: =IF(ISERROR(IF($AF74="","",ROUND(($AF74/$AF$10)*$AG$10,2))),"",IF($AF74="","",ROUND(($AF74/$AF$10)*$AG$10,2))) | AH74: =IF($AG74="","",ROUND($AG74*$AH$10,2)) | AI74: =IF(ISERROR(IF($AF74="","",ROUND(SUM($R74,$AE74,$AH74),2))),"",IF($AF74="","",ROUND(SUM($R74,$AE74,$AH74),2))) | AJ74: =IF(ISERROR(IF($AF74="","",VLOOKUP(AI74,TRANSMUTATION_TABLE,4,TRUE))),"",IF($AF74="","",VLOOKUP(AI74,TRANSMUTATION_TABLE,4,TRUE)))
A75: 13 | B75: ='INPUT DATA'!B75 | P75: =IF(COUNT($F75:$O75)=0,"",SUM($F75:$O75)) | Q75: =IF(ISERROR(IF($P75="","",ROUND(($P75/$P$10)*$Q$10,2))),"",IF($P75="","",ROUND(($P75/$P$10)*$Q$10,2))) | R75: =IF($Q75="","",ROUND($Q75*$R$10,2)) | AC75: =IF(COUNT($S75:$AB75)=0,"",SUM($S75:$AB75)) | AD75: =IF(ISERROR(IF($AC75="","",ROUND(($AC75/$AC$10)*$AD$10,2))),"",IF($AC75="","",ROUND(($AC75/$AC$10)*$AD$10,2))) | AE75: =IF($AD75="","",ROUND($AD75*$AE$10,2)) | AG75: =IF(ISERROR(IF($AF75="","",ROUND(($AF75/$AF$10)*$AG$10,2))),"",IF($AF75="","",ROUND(($AF75/$AF$10)*$AG$10,2))) | AH75: =IF($AG75="","",ROUND($AG75*$AH$10,2)) | AI75: =IF(ISERROR(IF($AF75="","",ROUND(SUM($R75,$AE75,$AH75),2))),"",IF($AF75="","",ROUND(SUM($R75,$AE75,$AH75),2))) | AJ75: =IF(ISERROR(IF($AF75="","",VLOOKUP(AI75,TRANSMUTATION_TABLE,4,TRUE))),"",IF($AF75="","",VLOOKUP(AI75,TRANSMUTATION_TABLE,4,TRUE)))
... A112: 50 | B112: ='INPUT DATA'!B112 | P112: =IF(COUNT($F112:$O112)=0,"",SUM($F112:$O112)) | Q112: =IF(ISERROR(IF($P112="","",ROUND(($P112/$P$10)*$Q$10,2))),"",IF($P112="","",ROUND(($P112/$P$10)*$Q$10,2))) | R112: =IF($Q112="","",ROUND($Q112*$R$10,2)) | AC112: =IF(COUNT($S112:$AB112)=0,"",SUM($S112:$AB112)) | AD112: =IF(ISERROR(IF($AC112="","",ROUND(($AC112/$AC$10)*$AD$10,2))),"",IF($AC112="","",ROUND(($AC112/$AC$10)*$AD$10,2))) | AE112: =IF($AD112="","",ROUND($AD112*$AE$10,2)) | AG112: =IF(ISERROR(IF($AF112="","",ROUND(($AF112/$AF$10)*$AG$10,2))),"",IF($AF112="","",ROUND(($AF112/$AF$10)*$AG$10,2))) | AH112: =IF($AG112="","",ROUND($AG112*$AH$10,2)) | AI112: =IF(ISERROR(IF($AF112="","",ROUND(SUM($R112,$AE112,$AH112),2))),"",IF($AF112="","",ROUND(SUM($R112,$AE112,$AH112),2))) | AJ112: =IF(ISERROR(IF($AF112="","",VLOOKUP(AI112,TRANSMUTATION_TABLE,4,TRUE))),"",IF($AF112="","",VLOOKUP(AI112,TRANSMUTATION_TABLE,4,TRUE)))

Sheet HEALTH _Q4
A1: Class Record
A3: (Pursuant to Deped Order 8 series of 2015)
C4: REGION | G4: V | L4: DIVISION | O4: V
B5: SCHOOL NAME | G5: San Jose National High School | T5: SCHOOL ID | X5: 301874 | AD5: SCHOOL YEAR | AG5: 2027-2028
A7: FOURTH QUARTER | F7: GRADE & SECTION: | K7: Grade 7 - Jose | Q7: TEACHER: | S7: System Administrator | AC7: SUBJECT: | AG7: HEALTH
B8: LEARNERS' NAMES | F8: WRITTEN WORKS (20%) | S8: PERFORMANCE TASKS (60%) | AF8: QUARTERLY ASSESSMENT (20%) | AI8: Initial | AJ8: Quarterly
F9: 1 | G9: 2 | H9: 3 | I9: 4 | J9: 5 | K9: 6 | L9: 7 | M9: 8 | N9: 9 | O9: 10 | P9: Total | Q9: PS | R9: WS | S9: 1 | T9: 2 | U9: 3 | V9: 4 | W9: 5 | X9: 6 | Y9: 7 | Z9: 8 | AA9: 9 | AB9: 10 | AC9: Total | AD9: PS | AE9: WS | AF9: 1 | AG9: PS | AH9: WS | AI9: Grade | AJ9: Grade
B10: HIGHEST POSSIBLE SCORE | P10: =IF(COUNT($F10:$O10)=0,"",SUM($F10:$O10)) | Q10: 100 | R10: 0.2 | AC10: =IF(COUNT($S10:$AB10)=0,"",SUM($S10:$AB10)) | AD10: 100 | AE10: 0.6 | AG10: 100 | AH10: 0.2
B11: MALE
A12: 1 | B12: Baterbornia, Rene | P12: =IF(COUNT($F12:$O12)=0,"",SUM($F12:$O12)) | Q12: =IF(ISERROR(IF($P12="","",ROUND(($P12/SUMIF($F12:$O12,"<>",$F$10:$O$10))*100,2))),"",IF($P12="","",ROUND(($P12/SUMIF($F12:$O12,"<>",$F$10:$O$10))*100,2))) | R12: =IF($Q12="","",ROUND($Q12*$R$10,2)) | AC12: =IF(COUNT($S12:$AB12)=0,"",SUM($S12:$AB12)) | AD12: =IF(ISERROR(IF($AC12="","",ROUND(($AC12/SUMIF($S12:$AB12,"<>",$S$10:$AB$10))*100,2))),"",IF($AC12="","",ROUND(($AC12/SUMIF($S12:$AB12,"<>",$S$10:$AB$10))*100,2))) | AE12: =IF($AD12="","",ROUND($AD12*$AE$10,2)) | AG12: =IF(ISERROR(IF($AF12="","",ROUND(($AF12/$AF$10)*$AG$10,2))),"",IF($AF12="","",ROUND(($AF12/$AF$10)*$AG$10,2))) | AH12: =IF($AG12="","",ROUND($AG12*$AH$10,2)) | AI12: =IF(ISERROR(IF($AF12="","",ROUND(SUM($R12,$AE12,$AH12),2))),"",IF($AF12="","",ROUND(SUM($R12,$AE12,$AH12),2))) | AJ12: =IF(ISERROR(IF($AF12="","",VLOOKUP(AI12,TRANSMUTATION_TABLE,4,TRUE))),"",IF($AF12="","",VLOOKUP(AI12,TRANSMUTATION_TABLE,4,TRUE)))
A13: 2 | B13: ='INPUT DATA'!B13 | P13: =IF(COUNT($F13:$O13)=0,"",SUM($F13:$O13)) | Q13: =IF(ISERROR(IF($P13="","",ROUND(($P13/$P$10)*$Q$10,2))),"",IF($P13="","",ROUND(($P13/$P$10)*$Q$10,2))) | R13: =IF($Q13="","",ROUND($Q13*$R$10,2)) | AC13: =IF(COUNT($S13:$AB13)=0,"",SUM($S13:$AB13)) | AD13: =IF(ISERROR(IF($AC13="","",ROUND(($AC13/$AC$10)*$AD$10,2))),"",IF($AC13="","",ROUND(($AC13/$AC$10)*$AD$10,2))) | AE13: =IF($AD13="","",ROUND($AD13*$AE$10,2)) | AG13: =IF(ISERROR(IF($AF13="","",ROUND(($AF13/$AF$10)*$AG$10,2))),"",IF($AF13="","",ROUND(($AF13/$AF$10)*$AG$10,2))) | AH13: =IF($AG13="","",ROUND($AG13*$AH$10,2)) | AI13: =IF(ISERROR(IF($AF13="","",ROUND(SUM($R13,$AE13,$AH13),2))),"",IF($AF13="","",ROUND(SUM($R13,$AE13,$AH13),2))) | AJ13: =IF(ISERROR(IF($AF13="","",VLOOKUP(AI13,TRANSMUTATION_TABLE,4,TRUE))),"",IF($AF13="","",VLOOKUP(AI13,TRANSMUTATION_TABLE,4,TRUE)))
A14: 3 | B14: ='INPUT DATA'!B14 | P14: =IF(COUNT($F14:$O14)=0,"",SUM($F14:$O14)) | Q14: =IF(ISERROR(IF($P14="","",ROUND(($P14/$P$10)*$Q$10,2))),"",IF($P14="","",ROUND(($P14/$P$10)*$Q$10,2))) | R14: =IF($Q14="","",ROUND($Q14*$R$10,2)) | AC14: =IF(COUNT($S14:$AB14)=0,"",SUM($S14:$AB14)) | AD14: =IF(ISERROR(IF($AC14="","",ROUND(($AC14/$AC$10)*$AD$10,2))),"",IF($AC14="","",ROUND(($AC14/$AC$10)*$AD$10,2))) | AE14: =IF($AD14="","",ROUND($AD14*$AE$10,2)) | AG14: =IF(ISERROR(IF($AF14="","",ROUND(($AF14/$AF$10)*$AG$10,2))),"",IF($AF14="","",ROUND(($AF14/$AF$10)*$AG$10,2))) | AH14: =IF($AG14="","",ROUND($AG14*$AH$10,2)) | AI14: =IF(ISERROR(IF($AF14="","",ROUND(SUM($R14,$AE14,$AH14),2))),"",IF($AF14="","",ROUND(SUM($R14,$AE14,$AH14),2))) | AJ14: =IF(ISERROR(IF($AF14="","",VLOOKUP(AI14,TRANSMUTATION_TABLE,4,TRUE))),"",IF($AF14="","",VLOOKUP(AI14,TRANSMUTATION_TABLE,4,TRUE)))
A15: 4 | B15: ='INPUT DATA'!B15 | P15: =IF(COUNT($F15:$O15)=0,"",SUM($F15:$O15)) | Q15: =IF(ISERROR(IF($P15="","",ROUND(($P15/$P$10)*$Q$10,2))),"",IF($P15="","",ROUND(($P15/$P$10)*$Q$10,2))) | R15: =IF($Q15="","",ROUND($Q15*$R$10,2)) | AC15: =IF(COUNT($S15:$AB15)=0,"",SUM($S15:$AB15)) | AD15: =IF(ISERROR(IF($AC15="","",ROUND(($AC15/$AC$10)*$AD$10,2))),"",IF($AC15="","",ROUND(($AC15/$AC$10)*$AD$10,2))) | AE15: =IF($AD15="","",ROUND($AD15*$AE$10,2)) | AG15: =IF(ISERROR(IF($AF15="","",ROUND(($AF15/$AF$10)*$AG$10,2))),"",IF($AF15="","",ROUND(($AF15/$AF$10)*$AG$10,2))) | AH15: =IF($AG15="","",ROUND($AG15*$AH$10,2)) | AI15: =IF(ISERROR(IF($AF15="","",ROUND(SUM($R15,$AE15,$AH15),2))),"",IF($AF15="","",ROUND(SUM($R15,$AE15,$AH15),2))) | AJ15: =IF(ISERROR(IF($AF15="","",VLOOKUP(AI15,TRANSMUTATION_TABLE,4,TRUE))),"",IF($AF15="","",VLOOKUP(AI15,TRANSMUTATION_TABLE,4,TRUE)))
A16: 5 | B16: ='INPUT DATA'!B16 | P16: =IF(COUNT($F16:$O16)=0,"",SUM($F16:$O16)) | Q16: =IF(ISERROR(IF($P16="","",ROUND(($P16/$P$10)*$Q$10,2))),"",IF($P16="","",ROUND(($P16/$P$10)*$Q$10,2))) | R16: =IF($Q16="","",ROUND($Q16*$R$10,2)) | AC16: =IF(COUNT($S16:$AB16)=0,"",SUM($S16:$AB16)) | AD16: =IF(ISERROR(IF($AC16="","",ROUND(($AC16/$AC$10)*$AD$10,2))),"",IF($AC16="","",ROUND(($AC16/$AC$10)*$AD$10,2))) | AE16: =IF($AD16="","",ROUND($AD16*$AE$10,2)) | AG16: =IF(ISERROR(IF($AF16="","",ROUND(($AF16/$AF$10)*$AG$10,2))),"",IF($AF16="","",ROUND(($AF16/$AF$10)*$AG$10,2))) | AH16: =IF($AG16="","",ROUND($AG16*$AH$10,2)) | AI16: =IF(ISERROR(IF($AF16="","",ROUND(SUM($R16,$AE16,$AH16),2))),"",IF($AF16="","",ROUND(SUM($R16,$AE16,$AH16),2))) | AJ16: =IF(ISERROR(IF($AF16="","",VLOOKUP(AI16,TRANSMUTATION_TABLE,4,TRUE))),"",IF($AF16="","",VLOOKUP(AI16,TRANSMUTATION_TABLE,4,TRUE)))
A17: 6 | B17: ='INPUT DATA'!B17 | P17: =IF(COUNT($F17:$O17)=0,"",SUM($F17:$O17)) | Q17: =IF(ISERROR(IF($P17="","",ROUND(($P17/$P$10)*$Q$10,2))),"",IF($P17="","",ROUND(($P17/$P$10)*$Q$10,2))) | R17: =IF($Q17="","",ROUND($Q17*$R$10,2)) | AC17: =IF(COUNT($S17:$AB17)=0,"",SUM($S17:$AB17)) | AD17: =IF(ISERROR(IF($AC17="","",ROUND(($AC17/$AC$10)*$AD$10,2))),"",IF($AC17="","",ROUND(($AC17/$AC$10)*$AD$10,2))) | AE17: =IF($AD17="","",ROUND($AD17*$AE$10,2)) | AG17: =IF(ISERROR(IF($AF17="","",ROUND(($AF17/$AF$10)*$AG$10,2))),"",IF($AF17="","",ROUND(($AF17/$AF$10)*$AG$10,2))) | AH17: =IF($AG17="","",ROUND($AG17*$AH$10,2)) | AI17: =IF(ISERROR(IF($AF17="","",ROUND(SUM($R17,$AE17,$AH17),2))),"",IF($AF17="","",ROUND(SUM($R17,$AE17,$AH17),2))) | AJ17: =IF(ISERROR(IF($AF17="","",VLOOKUP(AI17,TRANSMUTATION_TABLE,4,TRUE))),"",IF($AF17="","",VLOOKUP(AI17,TRANSMUTATION_TABLE,4,TRUE)))
A18: 7 | B18: ='INPUT DATA'!B18 | P18: =IF(COUNT($F18:$O18)=0,"",SUM($F18:$O18)) | Q18: =IF(ISERROR(IF($P18="","",ROUND(($P18/$P$10)*$Q$10,2))),"",IF($P18="","",ROUND(($P18/$P$10)*$Q$10,2))) | R18: =IF($Q18="","",ROUND($Q18*$R$10,2)) | AC18: =IF(COUNT($S18:$AB18)=0,"",SUM($S18:$AB18)) | AD18: =IF(ISERROR(IF($AC18="","",ROUND(($AC18/$AC$10)*$AD$10,2))),"",IF($AC18="","",ROUND(($AC18/$AC$10)*$AD$10,2))) | AE18: =IF($AD18="","",ROUND($AD18*$AE$10,2)) | AG18: =IF(ISERROR(IF($AF18="","",ROUND(($AF18/$AF$10)*$AG$10,2))),"",IF($AF18="","",ROUND(($AF18/$AF$10)*$AG$10,2))) | AH18: =IF($AG18="","",ROUND($AG18*$AH$10,2)) | AI18: =IF(ISERROR(IF($AF18="","",ROUND(SUM($R18,$AE18,$AH18),2))),"",IF($AF18="","",ROUND(SUM($R18,$AE18,$AH18),2))) | AJ18: =IF(ISERROR(IF($AF18="","",VLOOKUP(AI18,TRANSMUTATION_TABLE,4,TRUE))),"",IF($AF18="","",VLOOKUP(AI18,TRANSMUTATION_TABLE,4,TRUE)))
A19: 8 | B19: ='INPUT DATA'!B19 | D19: 0 | P19: =IF(COUNT($F19:$O19)=0,"",SUM($F19:$O19)) | Q19: =IF(ISERROR(IF($P19="","",ROUND(($P19/$P$10)*$Q$10,2))),"",IF($P19="","",ROUND(($P19/$P$10)*$Q$10,2))) | R19: =IF($Q19="","",ROUND($Q19*$R$10,2)) | AC19: =IF(COUNT($S19:$AB19)=0,"",SUM($S19:$AB19)) | AD19: =IF(ISERROR(IF($AC19="","",ROUND(($AC19/$AC$10)*$AD$10,2))),"",IF($AC19="","",ROUND(($AC19/$AC$10)*$AD$10,2))) | AE19: =IF($AD19="","",ROUND($AD19*$AE$10,2)) | AG19: =IF(ISERROR(IF($AF19="","",ROUND(($AF19/$AF$10)*$AG$10,2))),"",IF($AF19="","",ROUND(($AF19/$AF$10)*$AG$10,2))) | AH19: =IF($AG19="","",ROUND($AG19*$AH$10,2)) | AI19: =IF(ISERROR(IF($AF19="","",ROUND(SUM($R19,$AE19,$AH19),2))),"",IF($AF19="","",ROUND(SUM($R19,$AE19,$AH19),2))) | AJ19: =IF(ISERROR(IF($AF19="","",VLOOKUP(AI19,TRANSMUTATION_TABLE,4,TRUE))),"",IF($AF19="","",VLOOKUP(AI19,TRANSMUTATION_TABLE,4,TRUE)))
A20: 9 | B20: ='INPUT DATA'!B20 | P20: =IF(COUNT($F20:$O20)=0,"",SUM($F20:$O20)) | Q20: =IF(ISERROR(IF($P20="","",ROUND(($P20/$P$10)*$Q$10,2))),"",IF($P20="","",ROUND(($P20/$P$10)*$Q$10,2))) | R20: =IF($Q20="","",ROUND($Q20*$R$10,2)) | AC20: =IF(COUNT($S20:$AB20)=0,"",SUM($S20:$AB20)) | AD20: =IF(ISERROR(IF($AC20="","",ROUND(($AC20/$AC$10)*$AD$10,2))),"",IF($AC20="","",ROUND(($AC20/$AC$10)*$AD$10,2))) | AE20: =IF($AD20="","",ROUND($AD20*$AE$10,2)) | AG20: =IF(ISERROR(IF($AF20="","",ROUND(($AF20/$AF$10)*$AG$10,2))),"",IF($AF20="","",ROUND(($AF20/$AF$10)*$AG$10,2))) | AH20: =IF($AG20="","",ROUND($AG20*$AH$10,2)) | AI20: =IF(ISERROR(IF($AF20="","",ROUND(SUM($R20,$AE20,$AH20),2))),"",IF($AF20="","",ROUND(SUM($R20,$AE20,$AH20),2))) | AJ20: =IF(ISERROR(IF($AF20="","",VLOOKUP(AI20,TRANSMUTATION_TABLE,4,TRUE))),"",IF($AF20="","",VLOOKUP(AI20,TRANSMUTATION_TABLE,4,TRUE)))
A21: 10 | B21: ='INPUT DATA'!B21 | P21: =IF(COUNT($F21:$O21)=0,"",SUM($F21:$O21)) | Q21: =IF(ISERROR(IF($P21="","",ROUND(($P21/$P$10)*$Q$10,2))),"",IF($P21="","",ROUND(($P21/$P$10)*$Q$10,2))) | R21: =IF($Q21="","",ROUND($Q21*$R$10,2)) | AC21: =IF(COUNT($S21:$AB21)=0,"",SUM($S21:$AB21)) | AD21: =IF(ISERROR(IF($AC21="","",ROUND(($AC21/$AC$10)*$AD$10,2))),"",IF($AC21="","",ROUND(($AC21/$AC$10)*$AD$10,2))) | AE21: =IF($AD21="","",ROUND($AD21*$AE$10,2)) | AG21: =IF(ISERROR(IF($AF21="","",ROUND(($AF21/$AF$10)*$AG$10,2))),"",IF($AF21="","",ROUND(($AF21/$AF$10)*$AG$10,2))) | AH21: =IF($AG21="","",ROUND($AG21*$AH$10,2)) | AI21: =IF(ISERROR(IF($AF21="","",ROUND(SUM($R21,$AE21,$AH21),2))),"",IF($AF21="","",ROUND(SUM($R21,$AE21,$AH21),2))) | AJ21: =IF(ISERROR(IF($AF21="","",VLOOKUP(AI21,TRANSMUTATION_TABLE,4,TRUE))),"",IF($AF21="","",VLOOKUP(AI21,TRANSMUTATION_TABLE,4,TRUE)))
A22: 11 | B22: ='INPUT DATA'!B22 | D22: 0 | P22: =IF(COUNT($F22:$O22)=0,"",SUM($F22:$O22)) | Q22: =IF(ISERROR(IF($P22="","",ROUND(($P22/$P$10)*$Q$10,2))),"",IF($P22="","",ROUND(($P22/$P$10)*$Q$10,2))) | R22: =IF($Q22="","",ROUND($Q22*$R$10,2)) | AC22: =IF(COUNT($S22:$AB22)=0,"",SUM($S22:$AB22)) | AD22: =IF(ISERROR(IF($AC22="","",ROUND(($AC22/$AC$10)*$AD$10,2))),"",IF($AC22="","",ROUND(($AC22/$AC$10)*$AD$10,2))) | AE22: =IF($AD22="","",ROUND($AD22*$AE$10,2)) | AG22: =IF(ISERROR(IF($AF22="","",ROUND(($AF22/$AF$10)*$AG$10,2))),"",IF($AF22="","",ROUND(($AF22/$AF$10)*$AG$10,2))) | AH22: =IF($AG22="","",ROUND($AG22*$AH$10,2)) | AI22: =IF(ISERROR(IF($AF22="","",ROUND(SUM($R22,$AE22,$AH22),2))),"",IF($AF22="","",ROUND(SUM($R22,$AE22,$AH22),2))) | AJ22: =IF(ISERROR(IF($AF22="","",VLOOKUP(AI22,TRANSMUTATION_TABLE,4,TRUE))),"",IF($AF22="","",VLOOKUP(AI22,TRANSMUTATION_TABLE,4,TRUE)))
A23: 12 | B23: ='INPUT DATA'!B23 | P23: =IF(COUNT($F23:$O23)=0,"",SUM($F23:$O23)) | Q23: =IF(ISERROR(IF($P23="","",ROUND(($P23/$P$10)*$Q$10,2))),"",IF($P23="","",ROUND(($P23/$P$10)*$Q$10,2))) | R23: =IF($Q23="","",ROUND($Q23*$R$10,2)) | AC23: =IF(COUNT($S23:$AB23)=0,"",SUM($S23:$AB23)) | AD23: =IF(ISERROR(IF($AC23="","",ROUND(($AC23/$AC$10)*$AD$10,2))),"",IF($AC23="","",ROUND(($AC23/$AC$10)*$AD$10,2))) | AE23: =IF($AD23="","",ROUND($AD23*$AE$10,2)) | AG23: =IF(ISERROR(IF($AF23="","",ROUND(($AF23/$AF$10)*$AG$10,2))),"",IF($AF23="","",ROUND(($AF23/$AF$10)*$AG$10,2))) | AH23: =IF($AG23="","",ROUND($AG23*$AH$10,2)) | AI23: =IF(ISERROR(IF($AF23="","",ROUND(SUM($R23,$AE23,$AH23),2))),"",IF($AF23="","",ROUND(SUM($R23,$AE23,$AH23),2))) | AJ23: =IF(ISERROR(IF($AF23="","",VLOOKUP(AI23,TRANSMUTATION_TABLE,4,TRUE))),"",IF($AF23="","",VLOOKUP(AI23,TRANSMUTATION_TABLE,4,TRUE)))
A24: 13 | B24: ='INPUT DATA'!B24 | P24: =IF(COUNT($F24:$O24)=0,"",SUM($F24:$O24)) | Q24: =IF(ISERROR(IF($P24="","",ROUND(($P24/$P$10)*$Q$10,2))),"",IF($P24="","",ROUND(($P24/$P$10)*$Q$10,2))) | R24: =IF($Q24="","",ROUND($Q24*$R$10,2)) | AC24: =IF(COUNT($S24:$AB24)=0,"",SUM($S24:$AB24)) | AD24: =IF(ISERROR(IF($AC24="","",ROUND(($AC24/$AC$10)*$AD$10,2))),"",IF($AC24="","",ROUND(($AC24/$AC$10)*$AD$10,2))) | AE24: =IF($AD24="","",ROUND($AD24*$AE$10,2)) | AG24: =IF(ISERROR(IF($AF24="","",ROUND(($AF24/$AF$10)*$AG$10,2))),"",IF($AF24="","",ROUND(($AF24/$AF$10)*$AG$10,2))) | AH24: =IF($AG24="","",ROUND($AG24*$AH$10,2)) | AI24: =IF(ISERROR(IF($AF24="","",ROUND(SUM($R24,$AE24,$AH24),2))),"",IF($AF24="","",ROUND(SUM($R24,$AE24,$AH24),2))) | AJ24: =IF(ISERROR(IF($AF24="","",VLOOKUP(AI24,TRANSMUTATION_TABLE,4,TRUE))),"",IF($AF24="","",VLOOKUP(AI24,TRANSMUTATION_TABLE,4,TRUE)))
A25: 14 | B25: ='INPUT DATA'!B25 | P25: =IF(COUNT($F25:$O25)=0,"",SUM($F25:$O25)) | Q25: =IF(ISERROR(IF($P25="","",ROUND(($P25/$P$10)*$Q$10,2))),"",IF($P25="","",ROUND(($P25/$P$10)*$Q$10,2))) | R25: =IF($Q25="","",ROUND($Q25*$R$10,2)) | AC25: =IF(COUNT($S25:$AB25)=0,"",SUM($S25:$AB25)) | AD25: =IF(ISERROR(IF($AC25="","",ROUND(($AC25/$AC$10)*$AD$10,2))),"",IF($AC25="","",ROUND(($AC25/$AC$10)*$AD$10,2))) | AE25: =IF($AD25="","",ROUND($AD25*$AE$10,2)) | AG25: =IF(ISERROR(IF($AF25="","",ROUND(($AF25/$AF$10)*$AG$10,2))),"",IF($AF25="","",ROUND(($AF25/$AF$10)*$AG$10,2))) | AH25: =IF($AG25="","",ROUND($AG25*$AH$10,2)) | AI25: =IF(ISERROR(IF($AF25="","",ROUND(SUM($R25,$AE25,$AH25),2))),"",IF($AF25="","",ROUND(SUM($R25,$AE25,$AH25),2))) | AJ25: =IF(ISERROR(IF($AF25="","",VLOOKUP(AI25,TRANSMUTATION_TABLE,4,TRUE))),"",IF($AF25="","",VLOOKUP(AI25,TRANSMUTATION_TABLE,4,TRUE)))
A26: 15 | B26: ='INPUT DATA'!B26 | P26: =IF(COUNT($F26:$O26)=0,"",SUM($F26:$O26)) | Q26: =IF(ISERROR(IF($P26="","",ROUND(($P26/$P$10)*$Q$10,2))),"",IF($P26="","",ROUND(($P26/$P$10)*$Q$10,2))) | R26: =IF($Q26="","",ROUND($Q26*$R$10,2)) | AC26: =IF(COUNT($S26:$AB26)=0,"",SUM($S26:$AB26)) | AD26: =IF(ISERROR(IF($AC26="","",ROUND(($AC26/$AC$10)*$AD$10,2))),"",IF($AC26="","",ROUND(($AC26/$AC$10)*$AD$10,2))) | AE26: =IF($AD26="","",ROUND($AD26*$AE$10,2)) | AG26: =IF(ISERROR(IF($AF26="","",ROUND(($AF26/$AF$10)*$AG$10,2))),"",IF($AF26="","",ROUND(($AF26/$AF$10)*$AG$10,2))) | AH26: =IF($AG26="","",ROUND($AG26*$AH$10,2)) | AI26: =IF(ISERROR(IF($AF26="","",ROUND(SUM($R26,$AE26,$AH26),2))),"",IF($AF26="","",ROUND(SUM($R26,$AE26,$AH26),2))) | AJ26: =IF(ISERROR(IF($AF26="","",VLOOKUP(AI26,TRANSMUTATION_TABLE,4,TRUE))),"",IF($AF26="","",VLOOKUP(AI26,TRANSMUTATION_TABLE,4,TRUE)))
A27: 16 | B27: ='INPUT DATA'!B27 | P27: =IF(COUNT($F27:$O27)=0,"",SUM($F27:$O27)) | Q27: =IF(ISERROR(IF($P27="","",ROUND(($P27/$P$10)*$Q$10,2))),"",IF($P27="","",ROUND(($P27/$P$10)*$Q$10,2))) | R27: =IF($Q27="","",ROUND($Q27*$R$10,2)) | AC27: =IF(COUNT($S27:$AB27)=0,"",SUM($S27:$AB27)) | AD27: =IF(ISERROR(IF($AC27="","",ROUND(($AC27/$AC$10)*$AD$10,2))),"",IF($AC27="","",ROUND(($AC27/$AC$10)*$AD$10,2))) | AE27: =IF($AD27="","",ROUND($AD27*$AE$10,2)) | AG27: =IF(ISERROR(IF($AF27="","",ROUND(($AF27/$AF$10)*$AG$10,2))),"",IF($AF27="","",ROUND(($AF27/$AF$10)*$AG$10,2))) | AH27: =IF($AG27="","",ROUND($AG27*$AH$10,2)) | AI27: =IF(ISERROR(IF($AF27="","",ROUND(SUM($R27,$AE27,$AH27),2))),"",IF($AF27="","",ROUND(SUM($R27,$AE27,$AH27),2))) | AJ27: =IF(ISERROR(IF($AF27="","",VLOOKUP(AI27,TRANSMUTATION_TABLE,4,TRUE))),"",IF($AF27="","",VLOOKUP(AI27,TRANSMUTATION_TABLE,4,TRUE)))
A28: 17 | B28: ='INPUT DATA'!B28 | P28: =IF(COUNT($F28:$O28)=0,"",SUM($F28:$O28)) | Q28: =IF(ISERROR(IF($P28="","",ROUND(($P28/$P$10)*$Q$10,2))),"",IF($P28="","",ROUND(($P28/$P$10)*$Q$10,2))) | R28: =IF($Q28="","",ROUND($Q28*$R$10,2)) | AC28: =IF(COUNT($S28:$AB28)=0,"",SUM($S28:$AB28)) | AD28: =IF(ISERROR(IF($AC28="","",ROUND(($AC28/$AC$10)*$AD$10,2))),"",IF($AC28="","",ROUND(($AC28/$AC$10)*$AD$10,2))) | AE28: =IF($AD28="","",ROUND($AD28*$AE$10,2)) | AG28: =IF(ISERROR(IF($AF28="","",ROUND(($AF28/$AF$10)*$AG$10,2))),"",IF($AF28="","",ROUND(($AF28/$AF$10)*$AG$10,2))) | AH28: =IF($AG28="","",ROUND($AG28*$AH$10,2)) | AI28: =IF(ISERROR(IF($AF28="","",ROUND(SUM($R28,$AE28,$AH28),2))),"",IF($AF28="","",ROUND(SUM($R28,$AE28,$AH28),2))) | AJ28: =IF(ISERROR(IF($AF28="","",VLOOKUP(AI28,TRANSMUTATION_TABLE,4,TRUE))),"",IF($AF28="","",VLOOKUP(AI28,TRANSMUTATION_TABLE,4,TRUE)))
A29: 18 | B29: ='INPUT DATA'!B29 | P29: =IF(COUNT($F29:$O29)=0,"",SUM($F29:$O29)) | Q29: =IF(ISERROR(IF($P29="","",ROUND(($P29/$P$10)*$Q$10,2))),"",IF($P29="","",ROUND(($P29/$P$10)*$Q$10,2))) | R29: =IF($Q29="","",ROUND($Q29*$R$10,2)) | AC29: =IF(COUNT($S29:$AB29)=0,"",SUM($S29:$AB29)) | AD29: =IF(ISERROR(IF($AC29="","",ROUND(($AC29/$AC$10)*$AD$10,2))),"",IF($AC29="","",ROUND(($AC29/$AC$10)*$AD$10,2))) | AE29: =IF($AD29="","",ROUND($AD29*$AE$10,2)) | AG29: =IF(ISERROR(IF($AF29="","",ROUND(($AF29/$AF$10)*$AG$10,2))),"",IF($AF29="","",ROUND(($AF29/$AF$10)*$AG$10,2))) | AH29: =IF($AG29="","",ROUND($AG29*$AH$10,2)) | AI29: =IF(ISERROR(IF($AF29="","",ROUND(SUM($R29,$AE29,$AH29),2))),"",IF($AF29="","",ROUND(SUM($R29,$AE29,$AH29),2))) | AJ29: =IF(ISERROR(IF($AF29="","",VLOOKUP(AI29,TRANSMUTATION_TABLE,4,TRUE))),"",IF($AF29="","",VLOOKUP(AI29,TRANSMUTATION_TABLE,4,TRUE)))
A30: 19 | B30: ='INPUT DATA'!B30 | P30: =IF(COUNT($F30:$O30)=0,"",SUM($F30:$O30)) | Q30: =IF(ISERROR(IF($P30="","",ROUND(($P30/$P$10)*$Q$10,2))),"",IF($P30="","",ROUND(($P30/$P$10)*$Q$10,2))) | R30: =IF($Q30="","",ROUND($Q30*$R$10,2)) | AC30: =IF(COUNT($S30:$AB30)=0,"",SUM($S30:$AB30)) | AD30: =IF(ISERROR(IF($AC30="","",ROUND(($AC30/$AC$10)*$AD$10,2))),"",IF($AC30="","",ROUND(($AC30/$AC$10)*$AD$10,2))) | AE30: =IF($AD30="","",ROUND($AD30*$AE$10,2)) | AG30: =IF(ISERROR(IF($AF30="","",ROUND(($AF30/$AF$10)*$AG$10,2))),"",IF($AF30="","",ROUND(($AF30/$AF$10)*$AG$10,2))) | AH30: =IF($AG30="","",ROUND($AG30*$AH$10,2)) | AI30: =IF(ISERROR(IF($AF30="","",ROUND(SUM($R30,$AE30,$AH30),2))),"",IF($AF30="","",ROUND(SUM($R30,$AE30,$AH30),2))) | AJ30: =IF(ISERROR(IF($AF30="","",VLOOKUP(AI30,TRANSMUTATION_TABLE,4,TRUE))),"",IF($AF30="","",VLOOKUP(AI30,TRANSMUTATION_TABLE,4,TRUE)))
A31: 20 | B31: ='INPUT DATA'!B31 | P31: =IF(COUNT($F31:$O31)=0,"",SUM($F31:$O31)) | Q31: =IF(ISERROR(IF($P31="","",ROUND(($P31/$P$10)*$Q$10,2))),"",IF($P31="","",ROUND(($P31/$P$10)*$Q$10,2))) | R31: =IF($Q31="","",ROUND($Q31*$R$10,2)) | AC31: =IF(COUNT($S31:$AB31)=0,"",SUM($S31:$AB31)) | AD31: =IF(ISERROR(IF($AC31="","",ROUND(($AC31/$AC$10)*$AD$10,2))),"",IF($AC31="","",ROUND(($AC31/$AC$10)*$AD$10,2))) | AE31: =IF($AD31="","",ROUND($AD31*$AE$10,2)) | AG31: =IF(ISERROR(IF($AF31="","",ROUND(($AF31/$AF$10)*$AG$10,2))),"",IF($AF31="","",ROUND(($AF31/$AF$10)*$AG$10,2))) | AH31: =IF($AG31="","",ROUND($AG31*$AH$10,2)) | AI31: =IF(ISERROR(IF($AF31="","",ROUND(SUM($R31,$AE31,$AH31),2))),"",IF($AF31="","",ROUND(SUM($R31,$AE31,$AH31),2))) | AJ31: =IF(ISERROR(IF($AF31="","",VLOOKUP(AI31,TRANSMUTATION_TABLE,4,TRUE))),"",IF($AF31="","",VLOOKUP(AI31,TRANSMUTATION_TABLE,4,TRUE)))
A32: 21 | B32: ='INPUT DATA'!B32 | P32: =IF(COUNT($F32:$O32)=0,"",SUM($F32:$O32)) | Q32: =IF(ISERROR(IF($P32="","",ROUND(($P32/$P$10)*$Q$10,2))),"",IF($P32="","",ROUND(($P32/$P$10)*$Q$10,2))) | R32: =IF($Q32="","",ROUND($Q32*$R$10,2)) | AC32: =IF(COUNT($S32:$AB32)=0,"",SUM($S32:$AB32)) | AD32: =IF(ISERROR(IF($AC32="","",ROUND(($AC32/$AC$10)*$AD$10,2))),"",IF($AC32="","",ROUND(($AC32/$AC$10)*$AD$10,2))) | AE32: =IF($AD32="","",ROUND($AD32*$AE$10,2)) | AG32: =IF(ISERROR(IF($AF32="","",ROUND(($AF32/$AF$10)*$AG$10,2))),"",IF($AF32="","",ROUND(($AF32/$AF$10)*$AG$10,2))) | AH32: =IF($AG32="","",ROUND($AG32*$AH$10,2)) | AI32: =IF(ISERROR(IF($AF32="","",ROUND(SUM($R32,$AE32,$AH32),2))),"",IF($AF32="","",ROUND(SUM($R32,$AE32,$AH32),2))) | AJ32: =IF(ISERROR(IF($AF32="","",VLOOKUP(AI32,TRANSMUTATION_TABLE,4,TRUE))),"",IF($AF32="","",VLOOKUP(AI32,TRANSMUTATION_TABLE,4,TRUE)))
A33: 22 | B33: ='INPUT DATA'!B33 | P33: =IF(COUNT($F33:$O33)=0,"",SUM($F33:$O33)) | Q33: =IF(ISERROR(IF($P33="","",ROUND(($P33/$P$10)*$Q$10,2))),"",IF($P33="","",ROUND(($P33/$P$10)*$Q$10,2))) | R33: =IF($Q33="","",ROUND($Q33*$R$10,2)) | AC33: =IF(COUNT($S33:$AB33)=0,"",SUM($S33:$AB33)) | AD33: =IF(ISERROR(IF($AC33="","",ROUND(($AC33/$AC$10)*$AD$10,2))),"",IF($AC33="","",ROUND(($AC33/$AC$10)*$AD$10,2))) | AE33: =IF($AD33="","",ROUND($AD33*$AE$10,2)) | AG33: =IF(ISERROR(IF($AF33="","",ROUND(($AF33/$AF$10)*$AG$10,2))),"",IF($AF33="","",ROUND(($AF33/$AF$10)*$AG$10,2))) | AH33: =IF($AG33="","",ROUND($AG33*$AH$10,2)) | AI33: =IF(ISERROR(IF($AF33="","",ROUND(SUM($R33,$AE33,$AH33),2))),"",IF($AF33="","",ROUND(SUM($R33,$AE33,$AH33),2))) | AJ33: =IF(ISERROR(IF($AF33="","",VLOOKUP(AI33,TRANSMUTATION_TABLE,4,TRUE))),"",IF($AF33="","",VLOOKUP(AI33,TRANSMUTATION_TABLE,4,TRUE)))
A34: 23 | B34: ='INPUT DATA'!B34 | P34: =IF(COUNT($F34:$O34)=0,"",SUM($F34:$O34)) | Q34: =IF(ISERROR(IF($P34="","",ROUND(($P34/$P$10)*$Q$10,2))),"",IF($P34="","",ROUND(($P34/$P$10)*$Q$10,2))) | R34: =IF($Q34="","",ROUND($Q34*$R$10,2)) | AC34: =IF(COUNT($S34:$AB34)=0,"",SUM($S34:$AB34)) | AD34: =IF(ISERROR(IF($AC34="","",ROUND(($AC34/$AC$10)*$AD$10,2))),"",IF($AC34="","",ROUND(($AC34/$AC$10)*$AD$10,2))) | AE34: =IF($AD34="","",ROUND($AD34*$AE$10,2)) | AG34: =IF(ISERROR(IF($AF34="","",ROUND(($AF34/$AF$10)*$AG$10,2))),"",IF($AF34="","",ROUND(($AF34/$AF$10)*$AG$10,2))) | AH34: =IF($AG34="","",ROUND($AG34*$AH$10,2)) | AI34: =IF(ISERROR(IF($AF34="","",ROUND(SUM($R34,$AE34,$AH34),2))),"",IF($AF34="","",ROUND(SUM($R34,$AE34,$AH34),2))) | AJ34: =IF(ISERROR(IF($AF34="","",VLOOKUP(AI34,TRANSMUTATION_TABLE,4,TRUE))),"",IF($AF34="","",VLOOKUP(AI34,TRANSMUTATION_TABLE,4,TRUE)))
... A61: 50 | B61: ='INPUT DATA'!B61 | P61: =IF(COUNT($F61:$O61)=0,"",SUM($F61:$O61)) | Q61: =IF(ISERROR(IF($P61="","",ROUND(($P61/$P$10)*$Q$10,2))),"",IF($P61="","",ROUND(($P61/$P$10)*$Q$10,2))) | R61: =IF($Q61="","",ROUND($Q61*$R$10,2)) | AC61: =IF(COUNT($S61:$AB61)=0,"",SUM($S61:$AB61)) | AD61: =IF(ISERROR(IF($AC61="","",ROUND(($AC61/$AC$10)*$AD$10,2))),"",IF($AC61="","",ROUND(($AC61/$AC$10)*$AD$10,2))) | AE61: =IF($AD61="","",ROUND($AD61*$AE$10,2)) | AG61: =IF(ISERROR(IF($AF61="","",ROUND(($AF61/$AF$10)*$AG$10,2))),"",IF($AF61="","",ROUND(($AF61/$AF$10)*$AG$10,2))) | AH61: =IF($AG61="","",ROUND($AG61*$AH$10,2)) | AI61: =IF(ISERROR(IF($AF61="","",ROUND(SUM($R61,$AE61,$AH61),2))),"",IF($AF61="","",ROUND(SUM($R61,$AE61,$AH61),2))) | AJ61: =IF(ISERROR(IF($AF61="","",VLOOKUP(AI61,TRANSMUTATION_TABLE,4,TRUE))),"",IF($AF61="","",VLOOKUP(AI61,TRANSMUTATION_TABLE,4,TRUE)))
B62: FEMALE
A63: 1 | B63: Jeffrey Cruel | P63: =IF(COUNT($F63:$O63)=0,"",SUM($F63:$O63)) | Q63: =IF(ISERROR(IF($P63="","",ROUND(($P63/SUMIF($F63:$O63,"<>",$F$10:$O$10))*100,2))),"",IF($P63="","",ROUND(($P63/SUMIF($F63:$O63,"<>",$F$10:$O$10))*100,2))) | R63: =IF($Q63="","",ROUND($Q63*$R$10,2)) | AC63: =IF(COUNT($S63:$AB63)=0,"",SUM($S63:$AB63)) | AD63: =IF(ISERROR(IF($AC63="","",ROUND(($AC63/SUMIF($S63:$AB63,"<>",$S$10:$AB$10))*100,2))),"",IF($AC63="","",ROUND(($AC63/SUMIF($S63:$AB63,"<>",$S$10:$AB$10))*100,2))) | AE63: =IF($AD63="","",ROUND($AD63*$AE$10,2)) | AG63: =IF(ISERROR(IF($AF63="","",ROUND(($AF63/$AF$10)*$AG$10,2))),"",IF($AF63="","",ROUND(($AF63/$AF$10)*$AG$10,2))) | AH63: =IF($AG63="","",ROUND($AG63*$AH$10,2)) | AI63: =IF(ISERROR(IF($AF63="","",ROUND(SUM($R63,$AE63,$AH63),2))),"",IF($AF63="","",ROUND(SUM($R63,$AE63,$AH63),2))) | AJ63: =IF(ISERROR(IF($AF63="","",VLOOKUP(AI63,TRANSMUTATION_TABLE,4,TRUE))),"",IF($AF63="","",VLOOKUP(AI63,TRANSMUTATION_TABLE,4,TRUE)))
A64: 2 | B64: ='INPUT DATA'!B64 | P64: =IF(COUNT($F64:$O64)=0,"",SUM($F64:$O64)) | Q64: =IF(ISERROR(IF($P64="","",ROUND(($P64/$P$10)*$Q$10,2))),"",IF($P64="","",ROUND(($P64/$P$10)*$Q$10,2))) | R64: =IF($Q64="","",ROUND($Q64*$R$10,2)) | AC64: =IF(COUNT($S64:$AB64)=0,"",SUM($S64:$AB64)) | AD64: =IF(ISERROR(IF($AC64="","",ROUND(($AC64/$AC$10)*$AD$10,2))),"",IF($AC64="","",ROUND(($AC64/$AC$10)*$AD$10,2))) | AE64: =IF($AD64="","",ROUND($AD64*$AE$10,2)) | AG64: =IF(ISERROR(IF($AF64="","",ROUND(($AF64/$AF$10)*$AG$10,2))),"",IF($AF64="","",ROUND(($AF64/$AF$10)*$AG$10,2))) | AH64: =IF($AG64="","",ROUND($AG64*$AH$10,2)) | AI64: =IF(ISERROR(IF($AF64="","",ROUND(SUM($R64,$AE64,$AH64),2))),"",IF($AF64="","",ROUND(SUM($R64,$AE64,$AH64),2))) | AJ64: =IF(ISERROR(IF($AF64="","",VLOOKUP(AI64,TRANSMUTATION_TABLE,4,TRUE))),"",IF($AF64="","",VLOOKUP(AI64,TRANSMUTATION_TABLE,4,TRUE)))
A65: 3 | B65: ='INPUT DATA'!B65 | P65: =IF(COUNT($F65:$O65)=0,"",SUM($F65:$O65)) | Q65: =IF(ISERROR(IF($P65="","",ROUND(($P65/$P$10)*$Q$10,2))),"",IF($P65="","",ROUND(($P65/$P$10)*$Q$10,2))) | R65: =IF($Q65="","",ROUND($Q65*$R$10,2)) | AC65: =IF(COUNT($S65:$AB65)=0,"",SUM($S65:$AB65)) | AD65: =IF(ISERROR(IF($AC65="","",ROUND(($AC65/$AC$10)*$AD$10,2))),"",IF($AC65="","",ROUND(($AC65/$AC$10)*$AD$10,2))) | AE65: =IF($AD65="","",ROUND($AD65*$AE$10,2)) | AG65: =IF(ISERROR(IF($AF65="","",ROUND(($AF65/$AF$10)*$AG$10,2))),"",IF($AF65="","",ROUND(($AF65/$AF$10)*$AG$10,2))) | AH65: =IF($AG65="","",ROUND($AG65*$AH$10,2)) | AI65: =IF(ISERROR(IF($AF65="","",ROUND(SUM($R65,$AE65,$AH65),2))),"",IF($AF65="","",ROUND(SUM($R65,$AE65,$AH65),2))) | AJ65: =IF(ISERROR(IF($AF65="","",VLOOKUP(AI65,TRANSMUTATION_TABLE,4,TRUE))),"",IF($AF65="","",VLOOKUP(AI65,TRANSMUTATION_TABLE,4,TRUE)))
A66: 4 | B66: ='INPUT DATA'!B66 | P66: =IF(COUNT($F66:$O66)=0,"",SUM($F66:$O66)) | Q66: =IF(ISERROR(IF($P66="","",ROUND(($P66/$P$10)*$Q$10,2))),"",IF($P66="","",ROUND(($P66/$P$10)*$Q$10,2))) | R66: =IF($Q66="","",ROUND($Q66*$R$10,2)) | AC66: =IF(COUNT($S66:$AB66)=0,"",SUM($S66:$AB66)) | AD66: =IF(ISERROR(IF($AC66="","",ROUND(($AC66/$AC$10)*$AD$10,2))),"",IF($AC66="","",ROUND(($AC66/$AC$10)*$AD$10,2))) | AE66: =IF($AD66="","",ROUND($AD66*$AE$10,2)) | AG66: =IF(ISERROR(IF($AF66="","",ROUND(($AF66/$AF$10)*$AG$10,2))),"",IF($AF66="","",ROUND(($AF66/$AF$10)*$AG$10,2))) | AH66: =IF($AG66="","",ROUND($AG66*$AH$10,2)) | AI66: =IF(ISERROR(IF($AF66="","",ROUND(SUM($R66,$AE66,$AH66),2))),"",IF($AF66="","",ROUND(SUM($R66,$AE66,$AH66),2))) | AJ66: =IF(ISERROR(IF($AF66="","",VLOOKUP(AI66,TRANSMUTATION_TABLE,4,TRUE))),"",IF($AF66="","",VLOOKUP(AI66,TRANSMUTATION_TABLE,4,TRUE)))
A67: 5 | B67: ='INPUT DATA'!B67 | P67: =IF(COUNT($F67:$O67)=0,"",SUM($F67:$O67)) | Q67: =IF(ISERROR(IF($P67="","",ROUND(($P67/$P$10)*$Q$10,2))),"",IF($P67="","",ROUND(($P67/$P$10)*$Q$10,2))) | R67: =IF($Q67="","",ROUND($Q67*$R$10,2)) | AC67: =IF(COUNT($S67:$AB67)=0,"",SUM($S67:$AB67)) | AD67: =IF(ISERROR(IF($AC67="","",ROUND(($AC67/$AC$10)*$AD$10,2))),"",IF($AC67="","",ROUND(($AC67/$AC$10)*$AD$10,2))) | AE67: =IF($AD67="","",ROUND($AD67*$AE$10,2)) | AG67: =IF(ISERROR(IF($AF67="","",ROUND(($AF67/$AF$10)*$AG$10,2))),"",IF($AF67="","",ROUND(($AF67/$AF$10)*$AG$10,2))) | AH67: =IF($AG67="","",ROUND($AG67*$AH$10,2)) | AI67: =IF(ISERROR(IF($AF67="","",ROUND(SUM($R67,$AE67,$AH67),2))),"",IF($AF67="","",ROUND(SUM($R67,$AE67,$AH67),2))) | AJ67: =IF(ISERROR(IF($AF67="","",VLOOKUP(AI67,TRANSMUTATION_TABLE,4,TRUE))),"",IF($AF67="","",VLOOKUP(AI67,TRANSMUTATION_TABLE,4,TRUE)))
A68: 6 | B68: ='INPUT DATA'!B68 | P68: =IF(COUNT($F68:$O68)=0,"",SUM($F68:$O68)) | Q68: =IF(ISERROR(IF($P68="","",ROUND(($P68/$P$10)*$Q$10,2))),"",IF($P68="","",ROUND(($P68/$P$10)*$Q$10,2))) | R68: =IF($Q68="","",ROUND($Q68*$R$10,2)) | AC68: =IF(COUNT($S68:$AB68)=0,"",SUM($S68:$AB68)) | AD68: =IF(ISERROR(IF($AC68="","",ROUND(($AC68/$AC$10)*$AD$10,2))),"",IF($AC68="","",ROUND(($AC68/$AC$10)*$AD$10,2))) | AE68: =IF($AD68="","",ROUND($AD68*$AE$10,2)) | AG68: =IF(ISERROR(IF($AF68="","",ROUND(($AF68/$AF$10)*$AG$10,2))),"",IF($AF68="","",ROUND(($AF68/$AF$10)*$AG$10,2))) | AH68: =IF($AG68="","",ROUND($AG68*$AH$10,2)) | AI68: =IF(ISERROR(IF($AF68="","",ROUND(SUM($R68,$AE68,$AH68),2))),"",IF($AF68="","",ROUND(SUM($R68,$AE68,$AH68),2))) | AJ68: =IF(ISERROR(IF($AF68="","",VLOOKUP(AI68,TRANSMUTATION_TABLE,4,TRUE))),"",IF($AF68="","",VLOOKUP(AI68,TRANSMUTATION_TABLE,4,TRUE)))
A69: 7 | B69: ='INPUT DATA'!B69 | P69: =IF(COUNT($F69:$O69)=0,"",SUM($F69:$O69)) | Q69: =IF(ISERROR(IF($P69="","",ROUND(($P69/$P$10)*$Q$10,2))),"",IF($P69="","",ROUND(($P69/$P$10)*$Q$10,2))) | R69: =IF($Q69="","",ROUND($Q69*$R$10,2)) | AC69: =IF(COUNT($S69:$AB69)=0,"",SUM($S69:$AB69)) | AD69: =IF(ISERROR(IF($AC69="","",ROUND(($AC69/$AC$10)*$AD$10,2))),"",IF($AC69="","",ROUND(($AC69/$AC$10)*$AD$10,2))) | AE69: =IF($AD69="","",ROUND($AD69*$AE$10,2)) | AG69: =IF(ISERROR(IF($AF69="","",ROUND(($AF69/$AF$10)*$AG$10,2))),"",IF($AF69="","",ROUND(($AF69/$AF$10)*$AG$10,2))) | AH69: =IF($AG69="","",ROUND($AG69*$AH$10,2)) | AI69: =IF(ISERROR(IF($AF69="","",ROUND(SUM($R69,$AE69,$AH69),2))),"",IF($AF69="","",ROUND(SUM($R69,$AE69,$AH69),2))) | AJ69: =IF(ISERROR(IF($AF69="","",VLOOKUP(AI69,TRANSMUTATION_TABLE,4,TRUE))),"",IF($AF69="","",VLOOKUP(AI69,TRANSMUTATION_TABLE,4,TRUE)))
A70: 8 | B70: ='INPUT DATA'!B70 | P70: =IF(COUNT($F70:$O70)=0,"",SUM($F70:$O70)) | Q70: =IF(ISERROR(IF($P70="","",ROUND(($P70/$P$10)*$Q$10,2))),"",IF($P70="","",ROUND(($P70/$P$10)*$Q$10,2))) | R70: =IF($Q70="","",ROUND($Q70*$R$10,2)) | AC70: =IF(COUNT($S70:$AB70)=0,"",SUM($S70:$AB70)) | AD70: =IF(ISERROR(IF($AC70="","",ROUND(($AC70/$AC$10)*$AD$10,2))),"",IF($AC70="","",ROUND(($AC70/$AC$10)*$AD$10,2))) | AE70: =IF($AD70="","",ROUND($AD70*$AE$10,2)) | AG70: =IF(ISERROR(IF($AF70="","",ROUND(($AF70/$AF$10)*$AG$10,2))),"",IF($AF70="","",ROUND(($AF70/$AF$10)*$AG$10,2))) | AH70: =IF($AG70="","",ROUND($AG70*$AH$10,2)) | AI70: =IF(ISERROR(IF($AF70="","",ROUND(SUM($R70,$AE70,$AH70),2))),"",IF($AF70="","",ROUND(SUM($R70,$AE70,$AH70),2))) | AJ70: =IF(ISERROR(IF($AF70="","",VLOOKUP(AI70,TRANSMUTATION_TABLE,4,TRUE))),"",IF($AF70="","",VLOOKUP(AI70,TRANSMUTATION_TABLE,4,TRUE)))
A71: 9 | B71: ='INPUT DATA'!B71 | P71: =IF(COUNT($F71:$O71)=0,"",SUM($F71:$O71)) | Q71: =IF(ISERROR(IF($P71="","",ROUND(($P71/$P$10)*$Q$10,2))),"",IF($P71="","",ROUND(($P71/$P$10)*$Q$10,2))) | R71: =IF($Q71="","",ROUND($Q71*$R$10,2)) | AC71: =IF(COUNT($S71:$AB71)=0,"",SUM($S71:$AB71)) | AD71: =IF(ISERROR(IF($AC71="","",ROUND(($AC71/$AC$10)*$AD$10,2))),"",IF($AC71="","",ROUND(($AC71/$AC$10)*$AD$10,2))) | AE71: =IF($AD71="","",ROUND($AD71*$AE$10,2)) | AG71: =IF(ISERROR(IF($AF71="","",ROUND(($AF71/$AF$10)*$AG$10,2))),"",IF($AF71="","",ROUND(($AF71/$AF$10)*$AG$10,2))) | AH71: =IF($AG71="","",ROUND($AG71*$AH$10,2)) | AI71: =IF(ISERROR(IF($AF71="","",ROUND(SUM($R71,$AE71,$AH71),2))),"",IF($AF71="","",ROUND(SUM($R71,$AE71,$AH71),2))) | AJ71: =IF(ISERROR(IF($AF71="","",VLOOKUP(AI71,TRANSMUTATION_TABLE,4,TRUE))),"",IF($AF71="","",VLOOKUP(AI71,TRANSMUTATION_TABLE,4,TRUE)))
A72: 10 | B72: ='INPUT DATA'!B72 | P72: =IF(COUNT($F72:$O72)=0,"",SUM($F72:$O72)) | Q72: =IF(ISERROR(IF($P72="","",ROUND(($P72/$P$10)*$Q$10,2))),"",IF($P72="","",ROUND(($P72/$P$10)*$Q$10,2))) | R72: =IF($Q72="","",ROUND($Q72*$R$10,2)) | AC72: =IF(COUNT($S72:$AB72)=0,"",SUM($S72:$AB72)) | AD72: =IF(ISERROR(IF($AC72="","",ROUND(($AC72/$AC$10)*$AD$10,2))),"",IF($AC72="","",ROUND(($AC72/$AC$10)*$AD$10,2))) | AE72: =IF($AD72="","",ROUND($AD72*$AE$10,2)) | AG72: =IF(ISERROR(IF($AF72="","",ROUND(($AF72/$AF$10)*$AG$10,2))),"",IF($AF72="","",ROUND(($AF72/$AF$10)*$AG$10,2))) | AH72: =IF($AG72="","",ROUND($AG72*$AH$10,2)) | AI72: =IF(ISERROR(IF($AF72="","",ROUND(SUM($R72,$AE72,$AH72),2))),"",IF($AF72="","",ROUND(SUM($R72,$AE72,$AH72),2))) | AJ72: =IF(ISERROR(IF($AF72="","",VLOOKUP(AI72,TRANSMUTATION_TABLE,4,TRUE))),"",IF($AF72="","",VLOOKUP(AI72,TRANSMUTATION_TABLE,4,TRUE)))
A73: 11 | B73: ='INPUT DATA'!B73 | P73: =IF(COUNT($F73:$O73)=0,"",SUM($F73:$O73)) | Q73: =IF(ISERROR(IF($P73="","",ROUND(($P73/$P$10)*$Q$10,2))),"",IF($P73="","",ROUND(($P73/$P$10)*$Q$10,2))) | R73: =IF($Q73="","",ROUND($Q73*$R$10,2)) | AC73: =IF(COUNT($S73:$AB73)=0,"",SUM($S73:$AB73)) | AD73: =IF(ISERROR(IF($AC73="","",ROUND(($AC73/$AC$10)*$AD$10,2))),"",IF($AC73="","",ROUND(($AC73/$AC$10)*$AD$10,2))) | AE73: =IF($AD73="","",ROUND($AD73*$AE$10,2)) | AG73: =IF(ISERROR(IF($AF73="","",ROUND(($AF73/$AF$10)*$AG$10,2))),"",IF($AF73="","",ROUND(($AF73/$AF$10)*$AG$10,2))) | AH73: =IF($AG73="","",ROUND($AG73*$AH$10,2)) | AI73: =IF(ISERROR(IF($AF73="","",ROUND(SUM($R73,$AE73,$AH73),2))),"",IF($AF73="","",ROUND(SUM($R73,$AE73,$AH73),2))) | AJ73: =IF(ISERROR(IF($AF73="","",VLOOKUP(AI73,TRANSMUTATION_TABLE,4,TRUE))),"",IF($AF73="","",VLOOKUP(AI73,TRANSMUTATION_TABLE,4,TRUE)))
A74: 12 | B74: ='INPUT DATA'!B74 | P74: =IF(COUNT($F74:$O74)=0,"",SUM($F74:$O74)) | Q74: =IF(ISERROR(IF($P74="","",ROUND(($P74/$P$10)*$Q$10,2))),"",IF($P74="","",ROUND(($P74/$P$10)*$Q$10,2))) | R74: =IF($Q74="","",ROUND($Q74*$R$10,2)) | AC74: =IF(COUNT($S74:$AB74)=0,"",SUM($S74:$AB74)) | AD74: =IF(ISERROR(IF($AC74="","",ROUND(($AC74/$AC$10)*$AD$10,2))),"",IF($AC74="","",ROUND(($AC74/$AC$10)*$AD$10,2))) | AE74: =IF($AD74="","",ROUND($AD74*$AE$10,2)) | AG74: =IF(ISERROR(IF($AF74="","",ROUND(($AF74/$AF$10)*$AG$10,2))),"",IF($AF74="","",ROUND(($AF74/$AF$10)*$AG$10,2))) | AH74: =IF($AG74="","",ROUND($AG74*$AH$10,2)) | AI74: =IF(ISERROR(IF($AF74="","",ROUND(SUM($R74,$AE74,$AH74),2))),"",IF($AF74="","",ROUND(SUM($R74,$AE74,$AH74),2))) | AJ74: =IF(ISERROR(IF($AF74="","",VLOOKUP(AI74,TRANSMUTATION_TABLE,4,TRUE))),"",IF($AF74="","",VLOOKUP(AI74,TRANSMUTATION_TABLE,4,TRUE)))
A75: 13 | B75: ='INPUT DATA'!B75 | P75: =IF(COUNT($F75:$O75)=0,"",SUM($F75:$O75)) | Q75: =IF(ISERROR(IF($P75="","",ROUND(($P75/$P$10)*$Q$10,2))),"",IF($P75="","",ROUND(($P75/$P$10)*$Q$10,2))) | R75: =IF($Q75="","",ROUND($Q75*$R$10,2)) | AC75: =IF(COUNT($S75:$AB75)=0,"",SUM($S75:$AB75)) | AD75: =IF(ISERROR(IF($AC75="","",ROUND(($AC75/$AC$10)*$AD$10,2))),"",IF($AC75="","",ROUND(($AC75/$AC$10)*$AD$10,2))) | AE75: =IF($AD75="","",ROUND($AD75*$AE$10,2)) | AG75: =IF(ISERROR(IF($AF75="","",ROUND(($AF75/$AF$10)*$AG$10,2))),"",IF($AF75="","",ROUND(($AF75/$AF$10)*$AG$10,2))) | AH75: =IF($AG75="","",ROUND($AG75*$AH$10,2)) | AI75: =IF(ISERROR(IF($AF75="","",ROUND(SUM($R75,$AE75,$AH75),2))),"",IF($AF75="","",ROUND(SUM($R75,$AE75,$AH75),2))) | AJ75: =IF(ISERROR(IF($AF75="","",VLOOKUP(AI75,TRANSMUTATION_TABLE,4,TRUE))),"",IF($AF75="","",VLOOKUP(AI75,TRANSMUTATION_TABLE,4,TRUE)))
... A112: 50 | B112: ='INPUT DATA'!B112 | P112: =IF(COUNT($F112:$O112)=0,"",SUM($F112:$O112)) | Q112: =IF(ISERROR(IF($P112="","",ROUND(($P112/$P$10)*$Q$10,2))),"",IF($P112="","",ROUND(($P112/$P$10)*$Q$10,2))) | R112: =IF($Q112="","",ROUND($Q112*$R$10,2)) | AC112: =IF(COUNT($S112:$AB112)=0,"",SUM($S112:$AB112)) | AD112: =IF(ISERROR(IF($AC112="","",ROUND(($AC112/$AC$10)*$AD$10,2))),"",IF($AC112="","",ROUND(($AC112/$AC$10)*$AD$10,2))) | AE112: =IF($AD112="","",ROUND($AD112*$AE$10,2)) | AG112: =IF(ISERROR(IF($AF112="","",ROUND(($AF112/$AF$10)*$AG$10,2))),"",IF($AF112="","",ROUND(($AF112/$AF$10)*$AG$10,2))) | AH112: =IF($AG112="","",ROUND($AG112*$AH$10,2)) | AI112: =IF(ISERROR(IF($AF112="","",ROUND(SUM($R112,$AE112,$AH112),2))),"",IF($AF112="","",ROUND(SUM($R112,$AE112,$AH112),2))) | AJ112: =IF(ISERROR(IF($AF112="","",VLOOKUP(AI112,TRANSMUTATION_TABLE,4,TRUE))),"",IF($AF112="","",VLOOKUP(AI112,TRANSMUTATION_TABLE,4,TRUE)))

Sheet SUMMARY OF QUARTERLY GRADES
A1: Summary of Quarterly Grades
C5: REGION | G5: ='INPUT DATA'!G4 | L5: DIVISION | O5: ='INPUT DATA'!O4
B6: SCHOOL NAME | G6: ='INPUT DATA'!G5 | S6: SCHOOL ID | W6: ='INPUT DATA'!X5
B8: LEARNERS' NAMES | F8: GRADE & SECTION: | K8: ='INPUT DATA'!K7 | S8: SCHOOL YEAR: | W8: ='INPUT DATA'!AG5
F9: TEACHER: | K9: ='INPUT DATA'!S7 | S9: SUBJECT: | W9: ='INPUT DATA'!AG7
F10: MUSIC | J10: ARTS | N10: PE | R10: HEALTH | V10: MAPEH
F11: 4th Quarter | J11: 4th Quarter | N11: 4th Quarter | R11: 4th Quarter | V11: 4TH QUARTERLY GRADE
B12: MALE
A13: 1 | B13: Baterbornia, Rene | F13: ='MUSIC _Q4'!AJ12 | J13: =ARTS_Q4!AJ12 | N13: =PE_Q4!AJ12 | R13: ='HEALTH _Q4'!AJ12 | V13: =IF(OR(F13="",J13="",N13="",R13=""),"",IF(ISERROR(ROUND(AVERAGE(F13,J13,N13,R13),0)),"",ROUND(AVERAGE(F13,J13,N13,R13),0)))
A14: 2 | B14: ='INPUT DATA'!B13 | F14: ='MUSIC _Q4'!AJ13 | J14: =ARTS_Q4!AJ13 | N14: =PE_Q4!AJ13 | R14: ='HEALTH _Q4'!AJ13 | V14: =IF(OR(F14="",J14="",N14="",R14=""),"",IF(ISERROR(ROUND(AVERAGE(F14,J14,N14,R14),0)),"",ROUND(AVERAGE(F14,J14,N14,R14),0)))
A15: 3 | B15: ='INPUT DATA'!B14 | F15: ='MUSIC _Q4'!AJ14 | J15: =ARTS_Q4!AJ14 | N15: =PE_Q4!AJ14 | R15: ='HEALTH _Q4'!AJ14 | V15: =IF(OR(F15="",J15="",N15="",R15=""),"",IF(ISERROR(ROUND(AVERAGE(F15,J15,N15,R15),0)),"",ROUND(AVERAGE(F15,J15,N15,R15),0)))
A16: 4 | B16: ='INPUT DATA'!B15 | F16: ='MUSIC _Q4'!AJ15 | J16: =ARTS_Q4!AJ15 | N16: =PE_Q4!AJ15 | R16: ='HEALTH _Q4'!AJ15 | V16: =IF(OR(F16="",J16="",N16="",R16=""),"",IF(ISERROR(ROUND(AVERAGE(F16,J16,N16,R16),0)),"",ROUND(AVERAGE(F16,J16,N16,R16),0)))
A17: 5 | B17: ='INPUT DATA'!B16 | F17: ='MUSIC _Q4'!AJ16 | J17: =ARTS_Q4!AJ16 | N17: =PE_Q4!AJ16 | R17: ='HEALTH _Q4'!AJ16 | V17: =IF(OR(F17="",J17="",N17="",R17=""),"",IF(ISERROR(ROUND(AVERAGE(F17,J17,N17,R17),0)),"",ROUND(AVERAGE(F17,J17,N17,R17),0)))
A18: 6 | B18: ='INPUT DATA'!B17 | F18: ='MUSIC _Q4'!AJ17 | J18: =ARTS_Q4!AJ17 | N18: =PE_Q4!AJ17 | R18: ='HEALTH _Q4'!AJ17 | V18: =IF(OR(F18="",J18="",N18="",R18=""),"",IF(ISERROR(ROUND(AVERAGE(F18,J18,N18,R18),0)),"",ROUND(AVERAGE(F18,J18,N18,R18),0)))
A19: 7 | B19: ='INPUT DATA'!B18 | F19: ='MUSIC _Q4'!AJ18 | J19: =ARTS_Q4!AJ18 | N19: =PE_Q4!AJ18 | R19: ='HEALTH _Q4'!AJ18 | V19: =IF(OR(F19="",J19="",N19="",R19=""),"",IF(ISERROR(ROUND(AVERAGE(F19,J19,N19,R19),0)),"",ROUND(AVERAGE(F19,J19,N19,R19),0)))
A20: 8 | B20: ='INPUT DATA'!B19 | D20: 0 | F20: ='MUSIC _Q4'!AJ19 | J20: =ARTS_Q4!AJ19 | N20: =PE_Q4!AJ19 | R20: ='HEALTH _Q4'!AJ19 | V20: =IF(OR(F20="",J20="",N20="",R20=""),"",IF(ISERROR(ROUND(AVERAGE(F20,J20,N20,R20),0)),"",ROUND(AVERAGE(F20,J20,N20,R20),0)))
A21: 9 | B21: ='INPUT DATA'!B20 | F21: ='MUSIC _Q4'!AJ20 | J21: =ARTS_Q4!AJ20 | N21: =PE_Q4!AJ20 | R21: ='HEALTH _Q4'!AJ20 | V21: =IF(OR(F21="",J21="",N21="",R21=""),"",IF(ISERROR(ROUND(AVERAGE(F21,J21,N21,R21),0)),"",ROUND(AVERAGE(F21,J21,N21,R21),0)))
A22: 10 | B22: ='INPUT DATA'!B21 | F22: ='MUSIC _Q4'!AJ21 | J22: =ARTS_Q4!AJ21 | N22: =PE_Q4!AJ21 | R22: ='HEALTH _Q4'!AJ21 | V22: =IF(OR(F22="",J22="",N22="",R22=""),"",IF(ISERROR(ROUND(AVERAGE(F22,J22,N22,R22),0)),"",ROUND(AVERAGE(F22,J22,N22,R22),0)))
A23: 11 | B23: ='INPUT DATA'!B22 | D23: 0 | F23: ='MUSIC _Q4'!AJ22 | J23: =ARTS_Q4!AJ22 | N23: =PE_Q4!AJ22 | R23: ='HEALTH _Q4'!AJ22 | V23: =IF(OR(F23="",J23="",N23="",R23=""),"",IF(ISERROR(ROUND(AVERAGE(F23,J23,N23,R23),0)),"",ROUND(AVERAGE(F23,J23,N23,R23),0)))
A24: 12 | B24: ='INPUT DATA'!B23 | F24: ='MUSIC _Q4'!AJ23 | J24: =ARTS_Q4!AJ23 | N24: =PE_Q4!AJ23 | R24: ='HEALTH _Q4'!AJ23 | V24: =IF(OR(F24="",J24="",N24="",R24=""),"",IF(ISERROR(ROUND(AVERAGE(F24,J24,N24,R24),0)),"",ROUND(AVERAGE(F24,J24,N24,R24),0)))
A25: 13 | B25: ='INPUT DATA'!B24 | F25: ='MUSIC _Q4'!AJ24 | J25: =ARTS_Q4!AJ24 | N25: =PE_Q4!AJ24 | R25: ='HEALTH _Q4'!AJ24 | V25: =IF(OR(F25="",J25="",N25="",R25=""),"",IF(ISERROR(ROUND(AVERAGE(F25,J25,N25,R25),0)),"",ROUND(AVERAGE(F25,J25,N25,R25),0)))
A26: 14 | B26: ='INPUT DATA'!B25 | F26: ='MUSIC _Q4'!AJ25 | J26: =ARTS_Q4!AJ25 | N26: =PE_Q4!AJ25 | R26: ='HEALTH _Q4'!AJ25 | V26: =IF(OR(F26="",J26="",N26="",R26=""),"",IF(ISERROR(ROUND(AVERAGE(F26,J26,N26,R26),0)),"",ROUND(AVERAGE(F26,J26,N26,R26),0)))
A27: 15 | B27: ='INPUT DATA'!B26 | F27: ='MUSIC _Q4'!AJ26 | J27: =ARTS_Q4!AJ26 | N27: =PE_Q4!AJ26 | R27: ='HEALTH _Q4'!AJ26 | V27: =IF(OR(F27="",J27="",N27="",R27=""),"",IF(ISERROR(ROUND(AVERAGE(F27,J27,N27,R27),0)),"",ROUND(AVERAGE(F27,J27,N27,R27),0)))
A28: 16 | B28: ='INPUT DATA'!B27 | F28: ='MUSIC _Q4'!AJ27 | J28: =ARTS_Q4!AJ27 | N28: =PE_Q4!AJ27 | R28: ='HEALTH _Q4'!AJ27 | V28: =IF(OR(F28="",J28="",N28="",R28=""),"",IF(ISERROR(ROUND(AVERAGE(F28,J28,N28,R28),0)),"",ROUND(AVERAGE(F28,J28,N28,R28),0)))
A29: 17 | B29: ='INPUT DATA'!B28 | F29: ='MUSIC _Q4'!AJ28 | J29: =ARTS_Q4!AJ28 | N29: =PE_Q4!AJ28 | R29: ='HEALTH _Q4'!AJ28 | V29: =IF(OR(F29="",J29="",N29="",R29=""),"",IF(ISERROR(ROUND(AVERAGE(F29,J29,N29,R29),0)),"",ROUND(AVERAGE(F29,J29,N29,R29),0)))
A30: 18 | B30: ='INPUT DATA'!B29 | F30: ='MUSIC _Q4'!AJ29 | J30: =ARTS_Q4!AJ29 | N30: =PE_Q4!AJ29 | R30: ='HEALTH _Q4'!AJ29 | V30: =IF(OR(F30="",J30="",N30="",R30=""),"",IF(ISERROR(ROUND(AVERAGE(F30,J30,N30,R30),0)),"",ROUND(AVERAGE(F30,J30,N30,R30),0)))
A31: 19 | B31: ='INPUT DATA'!B30 | F31: ='MUSIC _Q4'!AJ30 | J31: =ARTS_Q4!AJ30 | N31: =PE_Q4!AJ30 | R31: ='HEALTH _Q4'!AJ30 | V31: =IF(OR(F31="",J31="",N31="",R31=""),"",IF(ISERROR(ROUND(AVERAGE(F31,J31,N31,R31),0)),"",ROUND(AVERAGE(F31,J31,N31,R31),0)))
A32: 20 | B32: ='INPUT DATA'!B31 | F32: ='MUSIC _Q4'!AJ31 | J32: =ARTS_Q4!AJ31 | N32: =PE_Q4!AJ31 | R32: ='HEALTH _Q4'!AJ31 | V32: =IF(OR(F32="",J32="",N32="",R32=""),"",IF(ISERROR(ROUND(AVERAGE(F32,J32,N32,R32),0)),"",ROUND(AVERAGE(F32,J32,N32,R32),0)))
A33: 21 | B33: ='INPUT DATA'!B32 | F33: ='MUSIC _Q4'!AJ32 | J33: =ARTS_Q4!AJ32 | N33: =PE_Q4!AJ32 | R33: ='HEALTH _Q4'!AJ32 | V33: =IF(OR(F33="",J33="",N33="",R33=""),"",IF(ISERROR(ROUND(AVERAGE(F33,J33,N33,R33),0)),"",ROUND(AVERAGE(F33,J33,N33,R33),0)))
A34: 22 | B34: ='INPUT DATA'!B33 | F34: ='MUSIC _Q4'!AJ33 | J34: =ARTS_Q4!AJ33 | N34: =PE_Q4!AJ33 | R34: ='HEALTH _Q4'!AJ33 | V34: =IF(OR(F34="",J34="",N34="",R34=""),"",IF(ISERROR(ROUND(AVERAGE(F34,J34,N34,R34),0)),"",ROUND(AVERAGE(F34,J34,N34,R34),0)))
A35: 23 | B35: ='INPUT DATA'!B34 | F35: ='MUSIC _Q4'!AJ34 | J35: =ARTS_Q4!AJ34 | N35: =PE_Q4!AJ34 | R35: ='HEALTH _Q4'!AJ34 | V35: =IF(OR(F35="",J35="",N35="",R35=""),"",IF(ISERROR(ROUND(AVERAGE(F35,J35,N35,R35),0)),"",ROUND(AVERAGE(F35,J35,N35,R35),0)))
... A61: 49 | B61: ='INPUT DATA'!B60 | F61: ='MUSIC _Q4'!AJ60 | J61: =ARTS_Q4!AJ60 | N61: =PE_Q4!AJ60 | R61: ='HEALTH _Q4'!AJ60 | V61: =IF(OR(F61="",J61="",N61="",R61=""),"",IF(ISERROR(ROUND(AVERAGE(F61,J61,N61,R61),0)),"",ROUND(AVERAGE(F61,J61,N61,R61),0)))
A62: 50 | B62: ='INPUT DATA'!B61 | C62: 0 | F62: ='MUSIC _Q4'!AJ61 | J62: =ARTS_Q4!AJ61 | N62: =PE_Q4!AJ61 | R62: ='HEALTH _Q4'!AJ61 | V62: =IF(OR(F62="",J62="",N62="",R62=""),"",IF(ISERROR(ROUND(AVERAGE(F62,J62,N62,R62),0)),"",ROUND(AVERAGE(F62,J62,N62,R62),0)))
B63: FEMALE
A64: 1 | B64: Jeffrey Cruel | F64: ='MUSIC _Q4'!AJ63 | J64: =ARTS_Q4!AJ63 | N64: =PE_Q4!AJ63 | R64: ='HEALTH _Q4'!AJ63 | V64: =IF(OR(F64="",J64="",N64="",R64=""),"",IF(ISERROR(ROUND(AVERAGE(F64,J64,N64,R64),0)),"",ROUND(AVERAGE(F64,J64,N64,R64),0)))
A65: 2 | B65: ='INPUT DATA'!B64 | F65: ='MUSIC _Q4'!AJ64 | J65: =ARTS_Q4!AJ64 | N65: =PE_Q4!AJ64 | R65: ='HEALTH _Q4'!AJ64 | V65: =IF(OR(F65="",J65="",N65="",R65=""),"",IF(ISERROR(ROUND(AVERAGE(F65,J65,N65,R65),0)),"",ROUND(AVERAGE(F65,J65,N65,R65),0)))
A66: 3 | B66: ='INPUT DATA'!B65 | F66: ='MUSIC _Q4'!AJ65 | J66: =ARTS_Q4!AJ65 | N66: =PE_Q4!AJ65 | R66: ='HEALTH _Q4'!AJ65 | V66: =IF(OR(F66="",J66="",N66="",R66=""),"",IF(ISERROR(ROUND(AVERAGE(F66,J66,N66,R66),0)),"",ROUND(AVERAGE(F66,J66,N66,R66),0)))
A67: 4 | B67: ='INPUT DATA'!B66 | F67: ='MUSIC _Q4'!AJ66 | J67: =ARTS_Q4!AJ66 | N67: =PE_Q4!AJ66 | R67: ='HEALTH _Q4'!AJ66 | V67: =IF(OR(F67="",J67="",N67="",R67=""),"",IF(ISERROR(ROUND(AVERAGE(F67,J67,N67,R67),0)),"",ROUND(AVERAGE(F67,J67,N67,R67),0)))
A68: 5 | B68: ='INPUT DATA'!B67 | F68: ='MUSIC _Q4'!AJ67 | J68: =ARTS_Q4!AJ67 | N68: =PE_Q4!AJ67 | R68: ='HEALTH _Q4'!AJ67 | V68: =IF(OR(F68="",J68="",N68="",R68=""),"",IF(ISERROR(ROUND(AVERAGE(F68,J68,N68,R68),0)),"",ROUND(AVERAGE(F68,J68,N68,R68),0)))
A69: 6 | B69: ='INPUT DATA'!B68 | F69: ='MUSIC _Q4'!AJ68 | J69: =ARTS_Q4!AJ68 | N69: =PE_Q4!AJ68 | R69: ='HEALTH _Q4'!AJ68 | V69: =IF(OR(F69="",J69="",N69="",R69=""),"",IF(ISERROR(ROUND(AVERAGE(F69,J69,N69,R69),0)),"",ROUND(AVERAGE(F69,J69,N69,R69),0)))
A70: 7 | B70: ='INPUT DATA'!B69 | F70: ='MUSIC _Q4'!AJ69 | J70: =ARTS_Q4!AJ69 | N70: =PE_Q4!AJ69 | R70: ='HEALTH _Q4'!AJ69 | V70: =IF(OR(F70="",J70="",N70="",R70=""),"",IF(ISERROR(ROUND(AVERAGE(F70,J70,N70,R70),0)),"",ROUND(AVERAGE(F70,J70,N70,R70),0)))
A71: 8 | B71: ='INPUT DATA'!B70 | F71: ='MUSIC _Q4'!AJ70 | J71: =ARTS_Q4!AJ70 | N71: =PE_Q4!AJ70 | R71: ='HEALTH _Q4'!AJ70 | V71: =IF(OR(F71="",J71="",N71="",R71=""),"",IF(ISERROR(ROUND(AVERAGE(F71,J71,N71,R71),0)),"",ROUND(AVERAGE(F71,J71,N71,R71),0)))
A72: 9 | B72: ='INPUT DATA'!B71 | F72: ='MUSIC _Q4'!AJ71 | J72: =ARTS_Q4!AJ71 | N72: =PE_Q4!AJ71 | R72: ='HEALTH _Q4'!AJ71 | V72: =IF(OR(F72="",J72="",N72="",R72=""),"",IF(ISERROR(ROUND(AVERAGE(F72,J72,N72,R72),0)),"",ROUND(AVERAGE(F72,J72,N72,R72),0)))
A73: 10 | B73: ='INPUT DATA'!B72 | F73: ='MUSIC _Q4'!AJ72 | J73: =ARTS_Q4!AJ72 | N73: =PE_Q4!AJ72 | R73: ='HEALTH _Q4'!AJ72 | V73: =IF(OR(F73="",J73="",N73="",R73=""),"",IF(ISERROR(ROUND(AVERAGE(F73,J73,N73,R73),0)),"",ROUND(AVERAGE(F73,J73,N73,R73),0)))
A74: 11 | B74: ='INPUT DATA'!B73 | F74: ='MUSIC _Q4'!AJ73 | J74: =ARTS_Q4!AJ73 | N74: =PE_Q4!AJ73 | R74: ='HEALTH _Q4'!AJ73 | V74: =IF(OR(F74="",J74="",N74="",R74=""),"",IF(ISERROR(ROUND(AVERAGE(F74,J74,N74,R74),0)),"",ROUND(AVERAGE(F74,J74,N74,R74),0)))
A75: 12 | B75: ='INPUT DATA'!B74 | F75: ='MUSIC _Q4'!AJ74 | J75: =ARTS_Q4!AJ74 | N75: =PE_Q4!AJ74 | R75: ='HEALTH _Q4'!AJ74 | V75: =IF(OR(F75="",J75="",N75="",R75=""),"",IF(ISERROR(ROUND(AVERAGE(F75,J75,N75,R75),0)),"",ROUND(AVERAGE(F75,J75,N75,R75),0)))
A76: 13 | B76: ='INPUT DATA'!B75 | F76: ='MUSIC _Q4'!AJ75 | J76: =ARTS_Q4!AJ75 | N76: =PE_Q4!AJ75 | R76: ='HEALTH _Q4'!AJ75 | V76: =IF(OR(F76="",J76="",N76="",R76=""),"",IF(ISERROR(ROUND(AVERAGE(F76,J76,N76,R76),0)),"",ROUND(AVERAGE(F76,J76,N76,R76),0)))
... A113: 50 | B113: ='INPUT DATA'!B112 | F113: ='MUSIC _Q4'!AJ112 | J113: =ARTS_Q4!AJ112 | N113: =PE_Q4!AJ112 | R113: ='HEALTH _Q4'!AJ112 | V113: =IF(OR(F113="",J113="",N113="",R113=""),"",IF(ISERROR(ROUND(AVERAGE(F113,J113,N113,R113),0)),"",ROUND(AVERAGE(F113,J113,N113,R113),0)))

Sheet DO NOT DELETE
A1: SUBJECT | B1: WRITTEN WORK | C1: PERFORMANCE TASKS | D1: Q. ASSESS-MENT | G1: TRANSMUTATION TABLE
A2: FILIPINO | B2: 0.3 | C2: 0.5 | D2: 0.2 | E2: =SUM(B2:D2) | G2: 0 | H2: - | I2: 3.99 | J2: 60
A3: ENGLISH | B3: 0.4 | C3: 0.4 | D3: 0.2 | E3: =SUM(B3:D3) | G3: 4 | H3: - | I3: 7.99 | J3: 61
A4: MATHEMATICS | B4: 0.2 | C4: 0.6 | D4: 0.2 | E4: =SUM(B4:D4) | G4: 8 | H4: - | I4: 11.99 | J4: 62
A5: SCIENCE | G5: 12 | H5: - | I5: 15.99 | J5: 63 | V5: WW | W5: PT | X5: QA
A6: ARALING PANLIPUNAN | G6: 16 | H6: - | I6: 19.99 | J6: 64 | U6: FILIPINO | V6: 0.3 | W6: 0.5 | X6: 0.2
A7: EDUKASYON SA PAGPAPAKATAO | G7: 20 | H7: - | I7: 23.99 | J7: 65 | U7: ENGLISH | V7: 0.3 | W7: 0.5 | X7: 0.2
A8: EDUKASYONG PANTAHANAN AT PANGKABUHAYAN | G8: 24 | H8: - | I8: 27.99 | J8: 66 | U8: MATHEMATICS | V8: 0.4 | W8: 0.4 | X8: 0.2
A9: MOTHER TONGUE | C9: FIRST | G9: 28 | H9: - | I9: 31.99 | J9: 67 | U9: SCIENCE | V9: 0.4 | W9: 0.4 | X9: 0.2
C10: SECOND | G10: 32 | H10: - | I10: 35.99 | J10: 68 | U10: ARALING PANLIPUNAN | V10: 0.3 | W10: 0.5 | X10: 0.2
C11: THIRD | G11: 36 | H11: - | I11: 39.99 | J11: 69 | U11: EDUKASYON SA PAGPAPAKATAO | V11: 0.3 | W11: 0.5 | X11: 0.2
C12: FOURTH | G12: 40 | H12: - | I12: 43.99 | J12: 70 | U12: EDUKASYONG PANTAHANAN AT PANGKABUHAYAN | V12: 0.2 | W12: 0.6 | X12: 0.2
G13: 44 | H13: - | I13: 47.99 | J13: 71 | U13: MOTHER TONGUE | V13: 0.3 | W13: 0.5 | X13: 0.2
G14: 48 | H14: - | I14: 51.99 | J14: 72
G15: 52 | H15: - | I15: 55.99 | J15: 73 | U15: =U6&U7&U8&U9&U10&U11&U12&U13
G16: 56 | H16: - | I16: 59.99 | J16: 74 | U16: FILIPINO,ENGLISH,MATHEMATICS,SCIENCE,ARALING PANLIPUNAN,EDUKASYON SA PAGPAPAKATAO,EDUKASYONG PANTAHANAN AT PANGKABUHAYAN,MOTHER TONGUE
G17: 60 | H17: - | I17: 61.59 | J17: 75
G18: 61.6 | H18: - | I18: 63.19 | J18: 76
G19: 63.2 | H19: - | I19: 64.79 | J19: 77
G20: 64.8 | H20: - | I20: 66.39 | J20: 78
G21: 66.4 | H21: - | I21: 67.99 | J21: 79
G22: 68 | H22: - | I22: 69.59 | J22: 80
G23: 69.6 | H23: - | I23: 71.19 | J23: 81
G24: 71.2 | H24: - | I24: 72.79 | J24: 82
G25: 72.8 | H25: - | I25: 74.39 | J25: 83
G26: 74.4 | H26: - | I26: 75.99 | J26: 84
G27: 76 | H27: - | I27: 77.59 | J27: 85
G28: 77.6 | H28: - | I28: 79.19 | J28: 86
... G41: 98.4 | H41: - | I41: 99.99 | J41: 99
G42: 100 | H42: - | J42: 100
